brand,customer_segment,store_type,salesperson_role,sum_amount,count,avg_amount,min_amount,max_amount
Adidas,Budget Shopper,Large Malls / Complexes,Sales Associate,1514222.49,538,2814.54,505.34,4994.32
Adidas,Budget Shopper,Large Malls / Complexes,Salesperson,1497723.95,537,2789.06,511.21,4999.95
Adidas,Budget Shopper,Small Stores / Shops,Manager,1530864.54,572,2676.34,541.28,4991.92
Adidas,Budget Shopper,Small Stores / Shops,Sales Associate,1622812.86,589,2755.20,512.05,4998.36
Adidas,Budget Shopper,Small Stores / Shops,Salesperson,1592458.43,581,2740.89,511.56,4993.46
Adidas,Budget Shopper,Supermarkets ,Manager,1564449.37,569,2749.47,503.98,4996.74
Adidas,Budget Shopper,Supermarkets ,Sales Associate,1716313.36,615,2790.75,530.59,4990.39
Adidas,Budget Shopper,Supermarkets ,Salesperson,1572876.73,590,2665.89,501.20,4995.87
Adidas,Budget Shopper,Supermarkets ,Senior Salesperson,1438573.63,529,2719.42,502.14,4980.54
Adidas,Churn Risk,Large Malls / Complexes,Manager,1462470.66,524,2790.97,505.67,4988.93
Adidas,Churn Risk,Large Malls / Complexes,Sales Associate,1469950.09,528,2784.00,535.63,4997.18
Adidas,Churn Risk,Large Malls / Complexes,Salesperson,1627106.41,569,2859.59,508.67,4999.18
Adidas,Churn Risk,Large Malls / Complexes,Senior Salesperson,1436455.44,510,2816.58,511.14,4999.86
Adidas,Churn Risk,Small Stores / Shops,Manager,1538664.18,570,2699.41,530.29,4998.38
Adidas,Churn Risk,Small Stores / Shops,Sales Associate,1499046.96,552,2715.66,504.72,4996.24
Adidas,Churn Risk,Small Stores / Shops,Salesperson,1622868.50,603,2691.32,510.65,4993.81
Adidas,Churn Risk,Supermarkets ,Manager,1529772.57,576,2655.86,506.36,4997.38
Adidas,Churn Risk,Supermarkets ,Sales Associate,1636659.97,600,2727.77,503.18,4998.56
Adidas,Churn Risk,Supermarkets ,Salesperson,1637847.76,573,2858.37,506.71,4997.20
Adidas,Churn Risk,Supermarkets ,Senior Salesperson,1428955.15,524,2727.01,514.15,4977.09
Adidas,Deal Seeker,Large Malls / Complexes,Manager,1566003.30,554,2826.72,501.32,4996.56
Adidas,Deal Seeker,Large Malls / Complexes,Sales Associate,1669380.27,608,2745.69,505.10,4998.10
Adidas,Deal Seeker,Large Malls / Complexes,Salesperson,1586152.84,558,2842.57,504.14,4995.87
Adidas,Deal Seeker,Small Stores / Shops,Manager,1534290.15,542,2830.79,503.97,4990.88
Adidas,Deal Seeker,Small Stores / Shops,Sales Associate,1665395.99,598,2784.94,515.55,4984.55
Adidas,Deal Seeker,Small Stores / Shops,Salesperson,1562506.29,598,2612.89,509.94,4992.84
Adidas,Deal Seeker,Small Stores / Shops,Senior Salesperson,1460883.98,524,2787.95,503.20,4956.85
Adidas,Deal Seeker,Supermarkets ,Manager,1609229.30,570,2823.21,509.53,4994.26
Adidas,Deal Seeker,Supermarkets ,Sales Associate,1679366.00,580,2895.46,500.52,4996.30
Adidas,Deal Seeker,Supermarkets ,Salesperson,1638759.61,585,2801.30,501.46,4985.30
Adidas,Deal Seeker,Supermarkets ,Senior Salesperson,1418819.34,528,2687.16,500.46,4996.95
Adidas,First-time Buyer,Large Malls / Complexes,Manager,1481243.01,535,2768.68,526.61,4989.71
Adidas,First-time Buyer,Large Malls / Complexes,Sales Associate,1470497.49,545,2698.16,503.01,4997.63
Adidas,First-time Buyer,Large Malls / Complexes,Salesperson,1700538.08,618,2751.68,510.62,4993.88
Adidas,First-time Buyer,Small Stores / Shops,Manager,1533048.02,556,2757.28,501.06,4988.65
Adidas,First-time Buyer,Small Stores / Shops,Sales Associate,1592178.15,585,2721.67,511.44,4994.96
Adidas,First-time Buyer,Small Stores / Shops,Salesperson,1511394.98,552,2738.03,505.89,4997.05
Adidas,First-time Buyer,Small Stores / Shops,Senior Salesperson,1363218.51,501,2721.00,515.05,4995.17
Adidas,First-time Buyer,Supermarkets ,Manager,1675899.03,603,2779.27,501.90,4993.86
Adidas,First-time Buyer,Supermarkets ,Sales Associate,1604578.34,580,2766.51,504.43,4996.65
Adidas,First-time Buyer,Supermarkets ,Salesperson,1647902.08,592,2783.62,503.40,4988.14
Adidas,High Value,Large Malls / Complexes,Manager,1482055.01,549,2699.55,504.75,4990.08
Adidas,High Value,Large Malls / Complexes,Sales Associate,1539470.15,571,2696.09,518.23,4993.12
Adidas,High Value,Large Malls / Complexes,Salesperson,1535752.03,562,2732.65,502.34,4995.33
Adidas,High Value,Small Stores / Shops,Manager,1408517.66,528,2667.65,500.17,4996.59
Adidas,High Value,Small Stores / Shops,Sales Associate,1645867.51,604,2724.95,501.04,4999.78
Adidas,High Value,Small Stores / Shops,Salesperson,1592267.87,582,2735.86,502.17,4998.34
Adidas,High Value,Small Stores / Shops,Senior Salesperson,1395315.83,512,2725.23,502.35,4979.37
Adidas,High Value,Supermarkets ,Manager,1536832.06,561,2739.45,500.53,4999.38
Adidas,High Value,Supermarkets ,Sales Associate,1660230.08,608,2730.64,500.95,4977.75
Adidas,High Value,Supermarkets ,Salesperson,1580304.19,573,2757.95,507.49,4998.80
Adidas,High Value,Supermarkets ,Senior Salesperson,1442160.42,535,2695.63,501.48,4996.37
Adidas,In-Store Regular,Large Malls / Complexes,Sales Associate,1569246.74,566,2772.52,507.51,4999.76
Adidas,In-Store Regular,Large Malls / Complexes,Salesperson,1491251.70,544,2741.27,521.88,4997.48
Adidas,In-Store Regular,Small Stores / Shops,Manager,1502970.99,539,2788.44,500.64,4978.27
Adidas,In-Store Regular,Small Stores / Shops,Sales Associate,1528162.45,548,2788.62,504.16,4988.61
Adidas,In-Store Regular,Small Stores / Shops,Salesperson,1518983.61,559,2717.32,506.04,4992.09
Adidas,In-Store Regular,Small Stores / Shops,Senior Salesperson,1449764.93,527,2750.98,519.60,4984.56
Adidas,In-Store Regular,Supermarkets ,Manager,1618599.04,580,2790.69,500.45,4996.97
Adidas,In-Store Regular,Supermarkets ,Sales Associate,1650899.55,593,2783.98,503.76,4999.33
Adidas,In-Store Regular,Supermarkets ,Salesperson,1388287.62,513,2706.21,503.94,4995.70
Adidas,In-Store Regular,Supermarkets ,Senior Salesperson,1547318.11,561,2758.14,501.44,4993.56
Adidas,Loyal Customer,Large Malls / Complexes,Manager,1392583.87,514,2709.31,504.41,4996.96
Adidas,Loyal Customer,Large Malls / Complexes,Sales Associate,1531046.05,546,2804.11,503.34,4998.71
Adidas,Loyal Customer,Large Malls / Complexes,Salesperson,1421537.25,525,2707.69,508.62,4957.13
Adidas,Loyal Customer,Large Malls / Complexes,Senior Salesperson,1461520.10,527,2773.28,536.61,4995.53
Adidas,Loyal Customer,Small Stores / Shops,Manager,1526888.35,539,2832.82,514.83,4995.47
Adidas,Loyal Customer,Small Stores / Shops,Sales Associate,1543322.88,568,2717.12,500.58,4998.00
Adidas,Loyal Customer,Small Stores / Shops,Salesperson,1792433.08,638,2809.46,503.40,4991.84
Adidas,Loyal Customer,Small Stores / Shops,Senior Salesperson,1538421.20,547,2812.47,501.65,4987.94
Adidas,Loyal Customer,Supermarkets ,Manager,1544520.68,566,2728.84,501.61,4998.83
Adidas,Loyal Customer,Supermarkets ,Sales Associate,1751463.78,623,2811.34,507.47,4992.84
Adidas,Loyal Customer,Supermarkets ,Salesperson,1735294.47,646,2686.21,512.50,4987.68
Adidas,Loyal Customer,Supermarkets ,Senior Salesperson,1365122.79,503,2713.96,510.44,4992.80
Adidas,Occasional Shopper,Large Malls / Complexes,Manager,1529619.47,544,2811.80,512.09,4980.69
Adidas,Occasional Shopper,Large Malls / Complexes,Sales Associate,1580262.16,566,2791.98,503.83,4991.46
Adidas,Occasional Shopper,Large Malls / Complexes,Salesperson,1478842.15,535,2764.19,501.08,4994.22
Adidas,Occasional Shopper,Large Malls / Complexes,Senior Salesperson,1412938.01,504,2803.45,502.00,4994.47
Adidas,Occasional Shopper,Small Stores / Shops,Manager,1651529.99,580,2847.47,530.26,4999.05
Adidas,Occasional Shopper,Small Stores / Shops,Sales Associate,1676306.41,608,2757.08,502.59,4998.86
Adidas,Occasional Shopper,Small Stores / Shops,Salesperson,1590064.43,567,2804.35,505.00,4994.34
Adidas,Occasional Shopper,Supermarkets ,Manager,1570517.81,583,2693.86,500.33,4988.66
Adidas,Occasional Shopper,Supermarkets ,Sales Associate,1506176.48,563,2675.27,506.71,4991.94
Adidas,Occasional Shopper,Supermarkets ,Salesperson,1677868.90,615,2728.24,501.52,4995.70
Adidas,Occasional Shopper,Supermarkets ,Senior Salesperson,1596234.50,565,2825.19,502.86,4981.52
Adidas,Online Shopper,Large Malls / Complexes,Manager,1506719.43,531,2837.51,529.01,4985.02
Adidas,Online Shopper,Large Malls / Complexes,Sales Associate,1478681.97,552,2678.77,506.00,4985.37
Adidas,Online Shopper,Large Malls / Complexes,Salesperson,1410066.56,525,2685.84,524.61,4993.50
Adidas,Online Shopper,Small Stores / Shops,Manager,1577072.37,570,2766.79,528.38,4984.10
Adidas,Online Shopper,Small Stores / Shops,Sales Associate,1592108.25,575,2768.88,509.05,4999.41
Adidas,Online Shopper,Small Stores / Shops,Salesperson,1581532.59,560,2824.17,516.00,4991.97
Adidas,Online Shopper,Supermarkets ,Manager,1589412.63,575,2764.20,502.26,4990.14
Adidas,Online Shopper,Supermarkets ,Sales Associate,1683513.53,617,2728.55,503.72,4997.59
Adidas,Online Shopper,Supermarkets ,Salesperson,1460097.37,558,2616.66,500.89,4991.47
Adidas,Online Shopper,Supermarkets ,Senior Salesperson,1495584.31,551,2714.31,509.59,4990.37
Adidas,Premium Shopper,Large Malls / Complexes,Manager,1427633.80,517,2761.38,526.99,4987.84
Adidas,Premium Shopper,Large Malls / Complexes,Sales Associate,1495182.66,547,2733.42,500.83,4999.76
Adidas,Premium Shopper,Large Malls / Complexes,Salesperson,1607985.10,590,2725.40,509.31,4985.65
Adidas,Premium Shopper,Small Stores / Shops,Manager,1406934.43,516,2726.62,518.72,4993.50
Adidas,Premium Shopper,Small Stores / Shops,Sales Associate,1544249.91,560,2757.59,506.24,4987.71
Adidas,Premium Shopper,Small Stores / Shops,Salesperson,1596272.23,565,2825.26,507.17,4980.59
Adidas,Premium Shopper,Small Stores / Shops,Senior Salesperson,1349005.23,507,2660.76,508.98,4974.51
Adidas,Premium Shopper,Supermarkets ,Manager,1521119.34,552,2755.65,502.53,4998.07
Adidas,Premium Shopper,Supermarkets ,Sales Associate,1629818.96,607,2685.04,509.03,4970.33
Adidas,Premium Shopper,Supermarkets ,Salesperson,1628613.26,588,2769.75,502.87,4993.87
Adidas,Premium Shopper,Supermarkets ,Senior Salesperson,1334727.78,504,2648.27,505.42,4973.62
LG,Budget Shopper,Large Malls / Complexes,Sales Associate,1540652.55,579,2660.89,504.53,4985.75
LG,Budget Shopper,Large Malls / Complexes,Salesperson,1521359.33,550,2766.11,504.58,4983.99
LG,Budget Shopper,Small Stores / Shops,Manager,1501780.38,540,2781.07,519.41,4981.77
LG,Budget Shopper,Small Stores / Shops,Sales Associate,1628041.00,588,2768.78,507.00,4989.82
LG,Budget Shopper,Small Stores / Shops,Salesperson,1638858.99,589,2782.44,533.40,4988.50
LG,Budget Shopper,Supermarkets ,Manager,1526501.66,562,2716.20,502.00,4970.00
LG,Budget Shopper,Supermarkets ,Sales Associate,1697084.58,608,2791.26,500.72,4991.58
LG,Budget Shopper,Supermarkets ,Salesperson,1632107.54,587,2780.42,502.26,4999.25
LG,Budget Shopper,Supermarkets ,Senior Salesperson,1469760.62,544,2701.77,510.91,4997.89
LG,Churn Risk,Large Malls / Complexes,Manager,1397037.34,526,2655.96,502.94,4985.02
LG,Churn Risk,Large Malls / Complexes,Sales Associate,1637093.62,599,2733.04,509.65,4995.01
LG,Churn Risk,Large Malls / Complexes,Salesperson,1629425.33,575,2833.78,504.33,4989.20
LG,Churn Risk,Small Stores / Shops,Manager,1614720.99,579,2788.81,501.23,4999.15
LG,Churn Risk,Small Stores / Shops,Sales Associate,1714670.03,614,2792.62,510.16,4996.70
LG,Churn Risk,Small Stores / Shops,Salesperson,1680414.15,603,2786.76,502.35,4997.94
LG,Churn Risk,Supermarkets ,Manager,1551424.79,544,2851.88,500.17,4995.63
LG,Churn Risk,Supermarkets ,Sales Associate,1715447.43,625,2744.72,509.77,4972.26
LG,Churn Risk,Supermarkets ,Salesperson,1568353.48,555,2825.86,511.28,4994.07
LG,Churn Risk,Supermarkets ,Senior Salesperson,1417868.06,515,2753.14,521.39,4993.63
LG,Deal Seeker,Large Malls / Complexes,Manager,1609043.28,567,2837.82,508.42,4997.76
LG,Deal Seeker,Large Malls / Complexes,Sales Associate,1498816.09,534,2806.77,502.66,4996.52
LG,Deal Seeker,Large Malls / Complexes,Salesperson,1496252.07,550,2720.46,500.92,4980.52
LG,Deal Seeker,Small Stores / Shops,Manager,1478165.01,545,2712.23,524.79,4994.40
LG,Deal Seeker,Small Stores / Shops,Sales Associate,1664498.26,610,2728.69,502.50,4997.66
LG,Deal Seeker,Small Stores / Shops,Salesperson,1678144.98,590,2844.31,502.12,4998.54
LG,Deal Seeker,Supermarkets ,Manager,1669198.18,610,2736.39,503.07,4996.88
LG,Deal Seeker,Supermarkets ,Sales Associate,1763639.33,649,2717.47,506.14,4997.20
LG,Deal Seeker,Supermarkets ,Salesperson,1619043.25,593,2730.26,505.23,4991.97
LG,Deal Seeker,Supermarkets ,Senior Salesperson,1506004.35,533,2825.52,512.65,4997.26
LG,First-time Buyer,Large Malls / Complexes,Manager,1572154.72,551,2853.28,507.77,4996.40
LG,First-time Buyer,Large Malls / Complexes,Sales Associate,1644205.90,584,2815.42,505.17,4989.29
LG,First-time Buyer,Large Malls / Complexes,Salesperson,1701876.50,594,2865.11,530.47,4999.75
LG,First-time Buyer,Small Stores / Shops,Manager,1562481.50,576,2712.64,501.40,4974.11
LG,First-time Buyer,Small Stores / Shops,Sales Associate,1697871.79,610,2783.40,500.75,4988.31
LG,First-time Buyer,Small Stores / Shops,Salesperson,1522276.59,571,2665.98,525.79,4999.20
LG,First-time Buyer,Small Stores / Shops,Senior Salesperson,1391759.55,513,2712.98,525.46,4978.56
LG,First-time Buyer,Supermarkets ,Manager,1544123.66,562,2747.55,516.24,4984.74
LG,First-time Buyer,Supermarkets ,Sales Associate,1477297.80,530,2787.35,508.23,4999.11
LG,First-time Buyer,Supermarkets ,Salesperson,1745693.88,639,2731.92,506.25,4998.82
LG,First-time Buyer,Supermarkets ,Senior Salesperson,1373329.58,500,2746.66,508.32,4993.22
LG,High Value,Large Malls / Complexes,Manager,1470501.88,527,2790.33,506.22,4999.91
LG,High Value,Large Malls / Complexes,Sales Associate,1588887.10,567,2802.27,500.70,4999.48
LG,High Value,Large Malls / Complexes,Salesperson,1478627.04,532,2779.37,502.05,4998.72
LG,High Value,Large Malls / Complexes,Senior Salesperson,1441546.38,514,2804.56,507.63,4999.45
LG,High Value,Small Stores / Shops,Manager,1625974.86,598,2719.02,501.39,4992.17
LG,High Value,Small Stores / Shops,Sales Associate,1465977.31,549,2670.27,502.18,4987.55
LG,High Value,Small Stores / Shops,Salesperson,1568761.37,575,2728.28,502.77,4998.30
LG,High Value,Small Stores / Shops,Senior Salesperson,1433549.41,506,2833.10,509.81,4959.40
LG,High Value,Supermarkets ,Manager,1620594.51,586,2765.52,524.94,4996.53
LG,High Value,Supermarkets ,Sales Associate,1705846.67,620,2751.37,524.71,4999.77
LG,High Value,Supermarkets ,Salesperson,1599467.48,584,2738.81,504.80,4997.26
LG,High Value,Supermarkets ,Senior Salesperson,1472812.97,533,2763.25,504.82,4992.90
LG,In-Store Regular,Large Malls / Complexes,Sales Associate,1469734.33,535,2747.17,500.93,4996.86
LG,In-Store Regular,Large Malls / Complexes,Salesperson,1574429.50,571,2757.32,504.72,4998.42
LG,In-Store Regular,Small Stores / Shops,Manager,1456728.22,533,2733.07,506.73,4998.70
LG,In-Store Regular,Small Stores / Shops,Sales Associate,1762062.47,646,2727.65,503.24,4998.01
LG,In-Store Regular,Small Stores / Shops,Salesperson,1538443.88,566,2718.10,517.68,4992.26
LG,In-Store Regular,Supermarkets ,Manager,1511207.06,559,2703.41,501.76,4979.01
LG,In-Store Regular,Supermarkets ,Sales Associate,1650464.82,583,2830.99,522.03,4989.91
LG,In-Store Regular,Supermarkets ,Salesperson,1574164.62,588,2677.15,523.52,4993.62
LG,In-Store Regular,Supermarkets ,Senior Salesperson,1422159.96,514,2766.85,510.45,4999.09
LG,Loyal Customer,Large Malls / Complexes,Manager,1398053.19,533,2622.99,503.19,4994.22
LG,Loyal Customer,Large Malls / Complexes,Salesperson,1546886.36,560,2762.30,502.74,4994.58
LG,Loyal Customer,Large Malls / Complexes,Senior Salesperson,1403439.71,518,2709.34,501.49,4989.80
LG,Loyal Customer,Small Stores / Shops,Manager,1571231.80,577,2723.11,523.69,4995.58
LG,Loyal Customer,Small Stores / Shops,Sales Associate,1586931.64,589,2694.28,504.23,4990.25
LG,Loyal Customer,Small Stores / Shops,Salesperson,1603058.55,594,2698.75,502.80,4982.38
LG,Loyal Customer,Small Stores / Shops,Senior Salesperson,1461700.86,511,2860.47,508.83,4995.91
LG,Loyal Customer,Supermarkets ,Manager,1572164.70,577,2724.72,508.32,4991.23
LG,Loyal Customer,Supermarkets ,Sales Associate,1644195.66,590,2786.77,514.69,4997.12
LG,Loyal Customer,Supermarkets ,Salesperson,1813297.52,674,2690.35,524.64,4999.43
LG,Loyal Customer,Supermarkets ,Senior Salesperson,1426013.37,524,2721.40,501.38,4994.19
LG,Occasional Shopper,Large Malls / Complexes,Manager,1524649.87,547,2787.29,500.28,4998.42
LG,Occasional Shopper,Large Malls / Complexes,Sales Associate,1587181.07,573,2769.95,506.37,4994.99
LG,Occasional Shopper,Large Malls / Complexes,Salesperson,1573047.24,560,2809.01,505.95,4998.03
LG,Occasional Shopper,Small Stores / Shops,Manager,1577039.67,575,2742.68,502.61,4985.75
LG,Occasional Shopper,Small Stores / Shops,Sales Associate,1600560.00,579,2764.35,501.74,4994.18
LG,Occasional Shopper,Small Stores / Shops,Salesperson,1467254.80,552,2658.07,511.63,4995.52
LG,Occasional Shopper,Supermarkets ,Manager,1511285.60,563,2684.34,505.89,4997.34
LG,Occasional Shopper,Supermarkets ,Sales Associate,1449627.63,545,2659.87,501.39,4988.00
LG,Occasional Shopper,Supermarkets ,Salesperson,1576788.07,578,2728.01,529.86,4993.30
LG,Occasional Shopper,Supermarkets ,Senior Salesperson,1411455.17,532,2653.11,523.99,4997.14
LG,Online Shopper,Large Malls / Complexes,Manager,1423050.82,536,2654.95,503.34,4996.22
LG,Online Shopper,Large Malls / Complexes,Sales Associate,1571935.96,576,2729.06,502.70,4992.76
LG,Online Shopper,Large Malls / Complexes,Salesperson,1547428.57,559,2768.21,502.74,4998.13
LG,Online Shopper,Large Malls / Complexes,Senior Salesperson,1433959.56,512,2800.70,519.03,4999.46
LG,Online Shopper,Small Stores / Shops,Manager,1531075.73,547,2799.04,502.18,4994.82
LG,Online Shopper,Small Stores / Shops,Sales Associate,1535720.13,565,2718.09,521.46,4997.61
LG,Online Shopper,Small Stores / Shops,Salesperson,1589179.26,589,2698.10,502.51,4990.75
LG,Online Shopper,Small Stores / Shops,Senior Salesperson,1465149.02,539,2718.27,508.70,4996.28
LG,Online Shopper,Supermarkets ,Manager,1625201.04,585,2778.12,504.20,4971.36
LG,Online Shopper,Supermarkets ,Sales Associate,1654328.76,607,2725.42,500.36,4987.89
LG,Online Shopper,Supermarkets ,Salesperson,1600378.12,572,2797.86,507.04,4998.62
LG,Online Shopper,Supermarkets ,Senior Salesperson,1364737.80,510,2675.96,503.23,4997.21
LG,Premium Shopper,Large Malls / Complexes,Manager,1533412.91,550,2788.02,521.04,4995.22
LG,Premium Shopper,Large Malls / Complexes,Sales Associate,1538100.82,552,2786.41,505.99,4985.00
LG,Premium Shopper,Large Malls / Complexes,Salesperson,1670744.44,592,2822.20,519.01,4994.98
LG,Premium Shopper,Small Stores / Shops,Manager,1511172.89,552,2737.63,502.79,4985.32
LG,Premium Shopper,Small Stores / Shops,Sales Associate,1685726.55,621,2714.54,506.73,4973.27
LG,Premium Shopper,Small Stores / Shops,Salesperson,1638854.06,588,2787.17,503.22,4996.89
LG,Premium Shopper,Small Stores / Shops,Senior Salesperson,1427504.00,503,2837.98,505.30,4993.00
LG,Premium Shopper,Supermarkets ,Manager,1643295.86,595,2761.84,511.50,4981.76
LG,Premium Shopper,Supermarkets ,Sales Associate,1768639.32,626,2825.30,533.46,4997.79
LG,Premium Shopper,Supermarkets ,Salesperson,1625084.41,593,2740.45,526.82,4994.29
Nike,Budget Shopper,Large Malls / Complexes,Manager,1457675.84,526,2771.25,501.91,4999.12
Nike,Budget Shopper,Large Malls / Complexes,Sales Associate,1610749.60,596,2702.60,502.91,4992.54
Nike,Budget Shopper,Large Malls / Complexes,Salesperson,1466590.50,533,2751.58,503.37,4989.53
Nike,Budget Shopper,Small Stores / Shops,Manager,1632106.20,580,2813.98,507.38,4979.03
Nike,Budget Shopper,Small Stores / Shops,Sales Associate,1569824.17,580,2706.59,503.94,4991.80
Nike,Budget Shopper,Small Stores / Shops,Salesperson,1601354.77,587,2728.03,505.48,4996.03
Nike,Budget Shopper,Small Stores / Shops,Senior Salesperson,1511128.56,527,2867.42,509.10,4999.08
Nike,Budget Shopper,Supermarkets ,Manager,1591654.70,572,2782.61,512.09,4975.11
Nike,Budget Shopper,Supermarkets ,Sales Associate,1737679.91,615,2825.50,509.07,4979.71
Nike,Budget Shopper,Supermarkets ,Salesperson,1721992.23,618,2786.40,508.71,4993.22
Nike,Budget Shopper,Supermarkets ,Senior Salesperson,1498320.47,544,2754.27,500.80,4994.02
Nike,Churn Risk,Large Malls / Complexes,Sales Associate,1441075.95,519,2776.64,518.08,4998.73
Nike,Churn Risk,Large Malls / Complexes,Salesperson,1526312.02,573,2663.72,500.82,4999.04
Nike,Churn Risk,Small Stores / Shops,Manager,1700840.52,612,2779.15,509.96,4996.07
Nike,Churn Risk,Small Stores / Shops,Sales Associate,1606914.63,579,2775.33,511.64,4991.78
Nike,Churn Risk,Small Stores / Shops,Salesperson,1687658.15,595,2836.40,503.06,4997.78
Nike,Churn Risk,Small Stores / Shops,Senior Salesperson,1474530.56,539,2735.68,500.07,4998.85
Nike,Churn Risk,Supermarkets ,Manager,1705374.49,611,2791.12,501.18,4996.67
Nike,Churn Risk,Supermarkets ,Sales Associate,1809345.39,670,2700.52,502.55,4998.00
Nike,Churn Risk,Supermarkets ,Salesperson,1647759.13,598,2755.45,517.75,4987.00
Nike,Deal Seeker,Large Malls / Complexes,Manager,1514100.85,552,2742.94,501.97,4991.55
Nike,Deal Seeker,Large Malls / Complexes,Sales Associate,1534814.32,556,2760.46,515.68,4997.60
Nike,Deal Seeker,Large Malls / Complexes,Salesperson,1563304.65,564,2771.82,509.30,4999.02
Nike,Deal Seeker,Small Stores / Shops,Manager,1434992.98,535,2682.23,500.55,4996.81
Nike,Deal Seeker,Small Stores / Shops,Sales Associate,1783481.14,630,2830.92,500.14,4985.45
Nike,Deal Seeker,Small Stores / Shops,Salesperson,1508426.80,572,2637.11,501.05,4990.54
Nike,Deal Seeker,Supermarkets ,Manager,1695593.69,627,2704.30,500.89,4997.10
Nike,Deal Seeker,Supermarkets ,Sales Associate,1783146.33,634,2812.53,502.29,4993.27
Nike,Deal Seeker,Supermarkets ,Salesperson,1572556.27,589,2669.87,503.83,4996.75
Nike,Deal Seeker,Supermarkets ,Senior Salesperson,1527970.52,554,2758.07,501.15,4997.93
Nike,First-time Buyer,Large Malls / Complexes,Manager,1521000.57,562,2706.41,504.23,4966.64
Nike,First-time Buyer,Large Malls / Complexes,Sales Associate,1554786.10,566,2746.97,531.06,4997.09
Nike,First-time Buyer,Large Malls / Complexes,Salesperson,1525534.34,556,2743.77,514.42,4998.79
Nike,First-time Buyer,Small Stores / Shops,Manager,1480167.58,543,2725.91,501.63,4992.45
Nike,First-time Buyer,Small Stores / Shops,Sales Associate,1679048.25,614,2734.61,507.57,4996.51
Nike,First-time Buyer,Small Stores / Shops,Salesperson,1669042.25,604,2763.31,500.01,4990.18
Nike,First-time Buyer,Small Stores / Shops,Senior Salesperson,1512541.11,548,2760.11,504.72,4998.40
Nike,First-time Buyer,Supermarkets ,Manager,1532242.84,572,2678.75,511.02,4957.12
Nike,First-time Buyer,Supermarkets ,Sales Associate,1621922.85,594,2730.51,540.90,4999.02
Nike,First-time Buyer,Supermarkets ,Salesperson,1619862.23,589,2750.19,505.40,4998.86
Nike,High Value,Large Malls / Complexes,Manager,1411170.79,506,2788.88,504.64,4995.45
Nike,High Value,Large Malls / Complexes,Sales Associate,1524090.84,547,2786.27,505.34,4983.14
Nike,High Value,Large Malls / Complexes,Salesperson,1570337.89,559,2809.19,501.48,4998.95
Nike,High Value,Small Stores / Shops,Manager,1578039.15,585,2697.50,500.14,4985.24
Nike,High Value,Small Stores / Shops,Sales Associate,1640291.17,581,2823.22,510.74,4999.95
Nike,High Value,Small Stores / Shops,Salesperson,1679336.13,581,2890.42,517.25,4973.24
Nike,High Value,Small Stores / Shops,Senior Salesperson,1491606.11,536,2782.85,502.52,4992.66
Nike,High Value,Supermarkets ,Manager,1636542.86,606,2700.57,501.90,4999.11
Nike,High Value,Supermarkets ,Sales Associate,1477364.86,555,2661.92,500.77,4997.19
Nike,High Value,Supermarkets ,Salesperson,1684359.27,592,2845.20,505.18,4994.68
Nike,High Value,Supermarkets ,Senior Salesperson,1574212.14,558,2821.17,504.25,4997.27
Nike,In-Store Regular,Large Malls / Complexes,Manager,1521188.52,561,2711.57,511.44,4993.71
Nike,In-Store Regular,Large Malls / Complexes,Sales Associate,1482194.94,542,2734.68,515.28,4998.76
Nike,In-Store Regular,Large Malls / Complexes,Salesperson,1447564.40,521,2778.43,517.57,4982.68
Nike,In-Store Regular,Small Stores / Shops,Manager,1690731.52,600,2817.89,502.42,4989.50
Nike,In-Store Regular,Small Stores / Shops,Sales Associate,1559504.82,565,2760.19,509.72,4998.83
Nike,In-Store Regular,Small Stores / Shops,Salesperson,1809566.07,643,2814.26,506.75,4986.87
Nike,In-Store Regular,Supermarkets ,Manager,1673548.29,592,2826.94,505.91,4988.99
Nike,In-Store Regular,Supermarkets ,Sales Associate,1707129.78,645,2646.71,502.32,4991.51
Nike,In-Store Regular,Supermarkets ,Salesperson,1692107.34,629,2690.15,515.42,4999.33
Nike,In-Store Regular,Supermarkets ,Senior Salesperson,1389790.06,510,2725.08,503.23,4986.53
Nike,Loyal Customer,Large Malls / Complexes,Manager,1546964.16,550,2812.66,506.69,4997.89
Nike,Loyal Customer,Large Malls / Complexes,Sales Associate,1544600.31,562,2748.40,506.59,4997.47
Nike,Loyal Customer,Large Malls / Complexes,Salesperson,1504016.64,544,2764.74,511.87,4972.62
Nike,Loyal Customer,Small Stores / Shops,Manager,1627150.23,584,2786.22,501.30,4999.83
Nike,Loyal Customer,Small Stores / Shops,Sales Associate,1631021.69,588,2773.85,511.11,4998.97
Nike,Loyal Customer,Small Stores / Shops,Salesperson,1650508.48,602,2741.71,503.87,4998.67
Nike,Loyal Customer,Small Stores / Shops,Senior Salesperson,1382656.87,507,2727.13,501.07,4993.88
Nike,Loyal Customer,Supermarkets ,Manager,1430160.96,521,2745.03,511.51,4996.19
Nike,Loyal Customer,Supermarkets ,Sales Associate,1815024.42,669,2713.04,501.50,4983.28
Nike,Loyal Customer,Supermarkets ,Salesperson,1642880.92,612,2684.45,502.19,4998.23
Nike,Loyal Customer,Supermarkets ,Senior Salesperson,1461847.17,539,2712.15,514.30,4985.13
Nike,Occasional Shopper,Large Malls / Complexes,Manager,1514991.01,575,2634.77,501.20,4993.39
Nike,Occasional Shopper,Large Malls / Complexes,Sales Associate,1656445.69,603,2747.01,503.69,4992.01
Nike,Occasional Shopper,Large Malls / Complexes,Salesperson,1489258.25,545,2732.58,512.51,4999.19
Nike,Occasional Shopper,Small Stores / Shops,Manager,1523539.34,548,2780.18,506.38,4992.82
Nike,Occasional Shopper,Small Stores / Shops,Sales Associate,1735248.02,608,2854.03,501.25,4998.50
Nike,Occasional Shopper,Small Stores / Shops,Salesperson,1658256.44,606,2736.40,502.13,4995.34
Nike,Occasional Shopper,Small Stores / Shops,Senior Salesperson,1396448.05,512,2727.44,500.65,4990.29
Nike,Occasional Shopper,Supermarkets ,Manager,1593808.83,589,2705.96,503.65,4999.75
Nike,Occasional Shopper,Supermarkets ,Sales Associate,1681908.12,617,2725.95,511.61,4987.98
Nike,Occasional Shopper,Supermarkets ,Salesperson,1688593.09,608,2777.29,505.19,4996.93
Nike,Occasional Shopper,Supermarkets ,Senior Salesperson,1424144.86,512,2781.53,521.75,4998.21
Nike,Online Shopper,Large Malls / Complexes,Sales Associate,1592391.43,561,2838.49,508.00,4990.16
Nike,Online Shopper,Large Malls / Complexes,Salesperson,1454042.86,540,2692.67,513.51,4996.67
Nike,Online Shopper,Small Stores / Shops,Manager,1546933.10,549,2817.73,505.29,4994.35
Nike,Online Shopper,Small Stores / Shops,Sales Associate,1522758.39,557,2733.86,502.80,4974.38
Nike,Online Shopper,Small Stores / Shops,Salesperson,1594900.63,575,2773.74,509.19,4996.11
Nike,Online Shopper,Small Stores / Shops,Senior Salesperson,1496250.23,518,2888.51,503.50,4998.41
Nike,Online Shopper,Supermarkets ,Manager,1514130.13,557,2718.37,501.71,4996.32
Nike,Online Shopper,Supermarkets ,Sales Associate,1745134.18,637,2739.61,505.27,4992.25
Nike,Online Shopper,Supermarkets ,Salesperson,1674758.56,599,2795.92,500.43,4995.11
Nike,Online Shopper,Supermarkets ,Senior Salesperson,1474862.74,525,2809.26,503.08,4978.48
Nike,Premium Shopper,Large Malls / Complexes,Manager,1414741.10,528,2679.43,504.47,4993.59
Nike,Premium Shopper,Large Malls / Complexes,Sales Associate,1418366.37,527,2691.40,500.72,4999.19
Nike,Premium Shopper,Large Malls / Complexes,Salesperson,1449961.01,521,2783.03,532.76,4997.81
Nike,Premium Shopper,Small Stores / Shops,Manager,1660887.27,581,2858.67,514.59,4999.67
Nike,Premium Shopper,Small Stores / Shops,Sales Associate,1649290.79,605,2726.10,512.94,4996.89
Nike,Premium Shopper,Small Stores / Shops,Salesperson,1626180.75,593,2742.29,500.79,4988.75
Nike,Premium Shopper,Small Stores / Shops,Senior Salesperson,1431902.25,508,2818.71,502.59,4990.88
Nike,Premium Shopper,Supermarkets ,Manager,1579285.74,545,2897.77,508.64,4993.48
Nike,Premium Shopper,Supermarkets ,Sales Associate,1729109.49,618,2797.91,509.26,4998.76
Nike,Premium Shopper,Supermarkets ,Salesperson,1650090.91,585,2820.67,506.18,4997.44
Nike,Premium Shopper,Supermarkets ,Senior Salesperson,1422162.01,506,2810.60,500.31,4996.44
Puma,Budget Shopper,Large Malls / Complexes,Manager,1387508.35,508,2731.32,513.95,4993.20
Puma,Budget Shopper,Large Malls / Complexes,Sales Associate,1506836.04,552,2729.78,506.68,4985.94
Puma,Budget Shopper,Large Malls / Complexes,Salesperson,1563202.88,562,2781.50,502.32,4986.57
Puma,Budget Shopper,Large Malls / Complexes,Senior Salesperson,1394500.92,504,2766.87,510.88,4975.09
Puma,Budget Shopper,Small Stores / Shops,Manager,1605117.13,576,2786.66,504.90,4984.66
Puma,Budget Shopper,Small Stores / Shops,Sales Associate,1590109.15,573,2775.06,515.93,4997.38
Puma,Budget Shopper,Small Stores / Shops,Salesperson,1631652.99,588,2774.92,511.85,4996.58
Puma,Budget Shopper,Small Stores / Shops,Senior Salesperson,1388111.98,507,2737.89,536.33,4998.97
Puma,Budget Shopper,Supermarkets ,Manager,1529896.60,551,2776.58,501.48,4985.43
Puma,Budget Shopper,Supermarkets ,Sales Associate,1667658.98,585,2850.70,514.18,4999.85
Puma,Budget Shopper,Supermarkets ,Salesperson,1524378.01,573,2660.35,509.04,4999.17
Puma,Budget Shopper,Supermarkets ,Senior Salesperson,1407791.64,514,2738.89,512.16,4997.46
Puma,Churn Risk,Large Malls / Complexes,Manager,1507746.19,551,2736.38,503.81,4998.60
Puma,Churn Risk,Large Malls / Complexes,Sales Associate,1486147.78,521,2852.49,526.79,4997.51
Puma,Churn Risk,Large Malls / Complexes,Salesperson,1383029.67,510,2711.82,519.01,4993.44
Puma,Churn Risk,Small Stores / Shops,Manager,1637575.02,583,2808.88,502.49,4995.97
Puma,Churn Risk,Small Stores / Shops,Sales Associate,1469910.64,565,2601.61,500.57,4993.72
Puma,Churn Risk,Small Stores / Shops,Salesperson,1549797.92,576,2690.62,502.77,4996.88
Puma,Churn Risk,Small Stores / Shops,Senior Salesperson,1523493.91,545,2795.40,502.11,4997.16
Puma,Churn Risk,Supermarkets ,Manager,1527238.88,575,2656.07,505.35,4980.18
Puma,Churn Risk,Supermarkets ,Sales Associate,1603440.78,596,2690.34,503.04,4994.80
Puma,Churn Risk,Supermarkets ,Salesperson,1609308.60,586,2746.26,506.85,4993.59
Puma,Churn Risk,Supermarkets ,Senior Salesperson,1519858.78,540,2814.55,517.45,4989.54
Puma,Deal Seeker,Large Malls / Complexes,Manager,1603649.12,568,2823.33,501.96,4998.69
Puma,Deal Seeker,Large Malls / Complexes,Sales Associate,1562570.63,568,2751.00,521.71,4983.86
Puma,Deal Seeker,Large Malls / Complexes,Salesperson,1498703.38,552,2715.04,506.16,4998.09
Puma,Deal Seeker,Large Malls / Complexes,Senior Salesperson,1437777.02,508,2830.27,523.97,4992.22
Puma,Deal Seeker,Small Stores / Shops,Manager,1556202.73,554,2809.03,535.10,4997.71
Puma,Deal Seeker,Small Stores / Shops,Sales Associate,1622724.68,589,2755.05,502.43,4979.26
Puma,Deal Seeker,Small Stores / Shops,Salesperson,1726329.36,641,2693.18,517.86,4985.65
Puma,Deal Seeker,Small Stores / Shops,Senior Salesperson,1583366.36,571,2772.97,521.89,4996.19
Puma,Deal Seeker,Supermarkets ,Manager,1633757.90,577,2831.47,500.97,4977.73
Puma,Deal Seeker,Supermarkets ,Sales Associate,1614228.19,589,2740.63,521.53,4997.56
Puma,Deal Seeker,Supermarkets ,Salesperson,1697857.00,604,2811.02,500.66,4997.64
Puma,Deal Seeker,Supermarkets ,Senior Salesperson,1363714.54,501,2721.99,500.07,4999.01
Puma,First-time Buyer,Large Malls / Complexes,Manager,1435025.34,517,2775.68,514.57,4987.34
Puma,First-time Buyer,Large Malls / Complexes,Sales Associate,1603024.48,569,2817.27,504.07,4999.23
Puma,First-time Buyer,Small Stores / Shops,Manager,1441590.24,524,2751.13,500.04,4999.40
Puma,First-time Buyer,Small Stores / Shops,Sales Associate,1661593.33,600,2769.32,506.15,4993.42
Puma,First-time Buyer,Small Stores / Shops,Salesperson,1602254.68,581,2757.75,505.09,4994.34
Puma,First-time Buyer,Small Stores / Shops,Senior Salesperson,1558301.96,558,2792.66,511.21,4996.42
Puma,First-time Buyer,Supermarkets ,Manager,1540368.38,577,2669.62,522.28,4991.31
Puma,First-time Buyer,Supermarkets ,Sales Associate,1674700.99,624,2683.82,502.20,4993.79
Puma,First-time Buyer,Supermarkets ,Salesperson,1651279.07,600,2752.13,504.68,4985.10
Puma,High Value,Large Malls / Complexes,Manager,1603334.64,575,2788.41,504.64,4995.61
Puma,High Value,Large Malls / Complexes,Sales Associate,1545046.13,563,2744.31,500.10,4997.99
Puma,High Value,Large Malls / Complexes,Salesperson,1549612.44,556,2787.07,500.37,4998.01
Puma,High Value,Small Stores / Shops,Manager,1594793.10,569,2802.80,521.45,4992.59
Puma,High Value,Small Stores / Shops,Sales Associate,1717156.20,614,2796.67,503.43,4981.66
Puma,High Value,Small Stores / Shops,Salesperson,1638180.97,607,2698.82,503.81,4998.14
Puma,High Value,Small Stores / Shops,Senior Salesperson,1455682.33,514,2832.07,500.03,4987.18
Puma,High Value,Supermarkets ,Manager,1595007.66,595,2680.69,500.82,4972.78
Puma,High Value,Supermarkets ,Sales Associate,1646937.67,599,2749.48,509.87,4987.65
Puma,High Value,Supermarkets ,Salesperson,1630560.29,591,2758.99,504.90,4996.51
Puma,High Value,Supermarkets ,Senior Salesperson,1439110.66,525,2741.16,500.45,4995.90
Puma,In-Store Regular,Large Malls / Complexes,Manager,1447686.87,513,2822.00,509.15,4989.36
Puma,In-Store Regular,Large Malls / Complexes,Sales Associate,1511676.68,557,2713.96,501.78,4995.46
Puma,In-Store Regular,Large Malls / Complexes,Salesperson,1473621.45,532,2769.97,502.29,4998.12
Puma,In-Store Regular,Small Stores / Shops,Manager,1477522.75,544,2716.03,511.59,4995.61
Puma,In-Store Regular,Small Stores / Shops,Sales Associate,1747794.94,633,2761.13,506.20,4993.05
Puma,In-Store Regular,Small Stores / Shops,Salesperson,1532852.56,591,2593.66,502.54,4995.13
Puma,In-Store Regular,Small Stores / Shops,Senior Salesperson,1469722.21,547,2686.88,500.74,4993.73
Puma,In-Store Regular,Supermarkets ,Manager,1483222.56,528,2809.13,547.55,4998.51
Puma,In-Store Regular,Supermarkets ,Sales Associate,1679292.96,628,2674.03,517.58,4985.05
Puma,In-Store Regular,Supermarkets ,Salesperson,1570117.31,563,2788.84,501.80,4999.89
Puma,In-Store Regular,Supermarkets ,Senior Salesperson,1538068.67,546,2816.98,524.14,4998.89
Puma,Loyal Customer,Large Malls / Complexes,Sales Associate,1441427.81,544,2649.68,500.18,4990.43
Puma,Loyal Customer,Large Malls / Complexes,Salesperson,1448734.06,528,2743.81,507.72,4996.71
Puma,Loyal Customer,Small Stores / Shops,Manager,1625269.93,588,2764.06,516.12,4995.93
Puma,Loyal Customer,Small Stores / Shops,Sales Associate,1660659.62,610,2722.39,510.77,4996.57
Puma,Loyal Customer,Small Stores / Shops,Salesperson,1512022.65,552,2739.17,503.10,4997.04
Puma,Loyal Customer,Small Stores / Shops,Senior Salesperson,1498854.69,551,2720.24,503.52,4999.68
Puma,Loyal Customer,Supermarkets ,Manager,1595625.48,574,2779.84,507.32,4997.42
Puma,Loyal Customer,Supermarkets ,Sales Associate,1661002.43,611,2718.50,507.07,4995.44
Puma,Loyal Customer,Supermarkets ,Salesperson,1608213.20,592,2716.58,502.12,4988.87
Puma,Loyal Customer,Supermarkets ,Senior Salesperson,1470320.68,530,2774.19,503.60,4996.09
Puma,Occasional Shopper,Large Malls / Complexes,Manager,1385794.23,511,2711.93,517.34,4973.10
Puma,Occasional Shopper,Large Malls / Complexes,Sales Associate,1556381.25,562,2769.36,504.14,4982.25
Puma,Occasional Shopper,Large Malls / Complexes,Salesperson,1556053.18,560,2778.67,510.86,4995.89
Puma,Occasional Shopper,Small Stores / Shops,Manager,1554357.64,561,2770.69,511.31,4994.72
Puma,Occasional Shopper,Small Stores / Shops,Sales Associate,1588621.78,571,2782.17,503.74,4994.01
Puma,Occasional Shopper,Small Stores / Shops,Salesperson,1737447.99,625,2779.92,500.41,4998.46
Puma,Occasional Shopper,Small Stores / Shops,Senior Salesperson,1432838.70,517,2771.45,502.39,4996.43
Puma,Occasional Shopper,Supermarkets ,Manager,1636615.70,589,2778.63,503.81,4988.49
Puma,Occasional Shopper,Supermarkets ,Sales Associate,1833626.76,657,2790.91,512.66,4988.35
Puma,Occasional Shopper,Supermarkets ,Salesperson,1763380.43,633,2785.75,510.90,4993.54
Puma,Occasional Shopper,Supermarkets ,Senior Salesperson,1468829.98,534,2750.62,502.57,4993.05
Puma,Online Shopper,Large Malls / Complexes,Manager,1493590.58,564,2648.21,504.78,4968.15
Puma,Online Shopper,Large Malls / Complexes,Sales Associate,1669804.23,590,2830.18,513.63,4999.78
Puma,Online Shopper,Large Malls / Complexes,Salesperson,1421918.41,531,2677.81,500.66,4989.36
Puma,Online Shopper,Small Stores / Shops,Manager,1420261.82,517,2747.12,503.51,4980.65
Puma,Online Shopper,Small Stores / Shops,Sales Associate,1569787.84,565,2778.39,503.49,4982.48
Puma,Online Shopper,Small Stores / Shops,Salesperson,1604021.33,581,2760.79,505.17,4993.01
Puma,Online Shopper,Supermarkets ,Manager,1657444.60,588,2818.78,500.04,4988.81
Puma,Online Shopper,Supermarkets ,Sales Associate,1571832.72,587,2677.74,503.61,4991.70
Puma,Online Shopper,Supermarkets ,Salesperson,1604790.84,586,2738.55,512.78,4995.81
Puma,Online Shopper,Supermarkets ,Senior Salesperson,1573456.11,565,2784.88,510.27,4998.52
Puma,Premium Shopper,Large Malls / Complexes,Manager,1561333.78,571,2734.38,505.64,4985.90
Puma,Premium Shopper,Large Malls / Complexes,Sales Associate,1482782.80,529,2802.99,501.68,4993.14
Puma,Premium Shopper,Large Malls / Complexes,Salesperson,1300473.09,507,2565.04,509.04,4993.01
Puma,Premium Shopper,Small Stores / Shops,Manager,1587486.27,559,2839.87,504.35,4997.57
Puma,Premium Shopper,Small Stores / Shops,Sales Associate,1548541.40,552,2805.33,515.16,4997.07
Puma,Premium Shopper,Small Stores / Shops,Salesperson,1536259.56,554,2773.03,505.48,4994.03
Puma,Premium Shopper,Small Stores / Shops,Senior Salesperson,1529094.72,559,2735.41,500.07,4997.06
Puma,Premium Shopper,Supermarkets ,Manager,1502999.80,548,2742.70,502.77,4996.89
Puma,Premium Shopper,Supermarkets ,Sales Associate,1622929.65,581,2793.34,518.56,4997.08
Puma,Premium Shopper,Supermarkets ,Salesperson,1662499.14,614,2707.65,523.68,4998.60
Puma,Premium Shopper,Supermarkets ,Senior Salesperson,1476805.37,523,2823.72,500.81,4995.70
Samsung,Budget Shopper,Large Malls / Complexes,Manager,1476995.84,527,2802.65,504.79,4988.76
Samsung,Budget Shopper,Large Malls / Complexes,Sales Associate,1448212.68,529,2737.64,504.71,4997.52
Samsung,Budget Shopper,Large Malls / Complexes,Salesperson,1413773.43,512,2761.28,540.58,4999.90
Samsung,Budget Shopper,Small Stores / Shops,Manager,1515835.58,544,2786.46,511.08,4994.52
Samsung,Budget Shopper,Small Stores / Shops,Sales Associate,1578414.21,583,2707.40,502.24,4998.71
Samsung,Budget Shopper,Small Stores / Shops,Salesperson,1511478.66,548,2758.17,504.62,4991.29
Samsung,Budget Shopper,Supermarkets ,Manager,1616747.44,598,2703.59,505.10,4998.07
Samsung,Budget Shopper,Supermarkets ,Sales Associate,1602305.54,591,2711.18,500.78,4979.85
Samsung,Budget Shopper,Supermarkets ,Salesperson,1514085.66,552,2742.91,500.99,4999.66
Samsung,Budget Shopper,Supermarkets ,Senior Salesperson,1529958.12,546,2802.12,534.79,4988.20
Samsung,Churn Risk,Large Malls / Complexes,Manager,1553576.93,559,2779.21,506.44,4995.77
Samsung,Churn Risk,Large Malls / Complexes,Sales Associate,1532566.08,559,2741.62,516.51,4991.94
Samsung,Churn Risk,Large Malls / Complexes,Salesperson,1428044.04,521,2740.97,503.96,4986.07
Samsung,Churn Risk,Small Stores / Shops,Manager,1453827.32,527,2758.69,538.03,4995.60
Samsung,Churn Risk,Small Stores / Shops,Sales Associate,1706953.88,617,2766.54,500.21,4986.83
Samsung,Churn Risk,Small Stores / Shops,Salesperson,1605161.33,590,2720.61,501.61,4978.08
Samsung,Churn Risk,Small Stores / Shops,Senior Salesperson,1456768.98,553,2634.30,501.42,4999.69
Samsung,Churn Risk,Supermarkets ,Manager,1600082.87,582,2749.28,502.11,4987.89
Samsung,Churn Risk,Supermarkets ,Sales Associate,1777164.41,631,2816.43,501.03,4990.87
Samsung,Churn Risk,Supermarkets ,Salesperson,1598724.16,560,2854.86,508.34,4994.08
Samsung,Churn Risk,Supermarkets ,Senior Salesperson,1496889.78,560,2673.02,503.22,4978.57
Samsung,Deal Seeker,Large Malls / Complexes,Manager,1444758.12,527,2741.48,500.13,4974.90
Samsung,Deal Seeker,Large Malls / Complexes,Sales Associate,1486726.69,540,2753.20,501.53,4952.64
Samsung,Deal Seeker,Large Malls / Complexes,Salesperson,1484203.35,542,2738.38,505.48,4996.68
Samsung,Deal Seeker,Large Malls / Complexes,Senior Salesperson,1379075.34,504,2736.26,503.08,4986.00
Samsung,Deal Seeker,Small Stores / Shops,Manager,1600488.44,563,2842.79,509.29,4998.39
Samsung,Deal Seeker,Small Stores / Shops,Sales Associate,1621896.64,577,2810.91,501.85,4992.26
Samsung,Deal Seeker,Small Stores / Shops,Salesperson,1666059.45,619,2691.53,504.18,4982.85
Samsung,Deal Seeker,Small Stores / Shops,Senior Salesperson,1407640.98,504,2792.94,504.35,4995.59
Samsung,Deal Seeker,Supermarkets ,Manager,1533869.22,561,2734.17,527.46,4991.18
Samsung,Deal Seeker,Supermarkets ,Sales Associate,1702427.01,630,2702.27,501.29,4998.01
Samsung,Deal Seeker,Supermarkets ,Salesperson,1681242.67,635,2647.63,519.49,4998.46
Samsung,First-time Buyer,Large Malls / Complexes,Manager,1427432.69,525,2718.92,514.66,4989.92
Samsung,First-time Buyer,Large Malls / Complexes,Sales Associate,1461006.91,545,2680.75,502.39,4989.77
Samsung,First-time Buyer,Large Malls / Complexes,Salesperson,1451040.40,542,2677.20,501.91,4990.26
Samsung,First-time Buyer,Large Malls / Complexes,Senior Salesperson,1413374.50,511,2765.90,516.29,4999.73
Samsung,First-time Buyer,Small Stores / Shops,Manager,1579924.01,582,2714.65,500.15,4982.74
Samsung,First-time Buyer,Small Stores / Shops,Sales Associate,1628271.88,576,2826.86,506.47,4999.45
Samsung,First-time Buyer,Small Stores / Shops,Salesperson,1683391.76,617,2728.35,507.60,4994.43
Samsung,First-time Buyer,Small Stores / Shops,Senior Salesperson,1376912.94,513,2684.04,510.87,4988.74
Samsung,First-time Buyer,Supermarkets ,Manager,1588596.69,580,2738.96,500.13,4976.49
Samsung,First-time Buyer,Supermarkets ,Sales Associate,1676965.63,599,2799.61,502.59,4978.20
Samsung,First-time Buyer,Supermarkets ,Salesperson,1725443.21,608,2837.90,521.59,4999.71
Samsung,First-time Buyer,Supermarkets ,Senior Salesperson,1344967.91,506,2658.04,503.95,4974.22
Samsung,High Value,Large Malls / Complexes,Manager,1405312.88,506,2777.30,506.31,4982.07
Samsung,High Value,Large Malls / Complexes,Sales Associate,1491668.86,544,2742.04,518.45,4985.80
Samsung,High Value,Large Malls / Complexes,Salesperson,1540234.54,555,2775.20,510.86,4992.51
Samsung,High Value,Small Stores / Shops,Manager,1702572.80,619,2750.52,502.76,4998.14
Samsung,High Value,Small Stores / Shops,Sales Associate,1637918.78,603,2716.28,503.72,4999.98
Samsung,High Value,Small Stores / Shops,Salesperson,1547153.41,576,2686.03,503.38,4993.32
Samsung,High Value,Small Stores / Shops,Senior Salesperson,1426496.91,509,2802.55,520.70,4994.38
Samsung,High Value,Supermarkets ,Manager,1674067.17,608,2753.40,515.93,4992.12
Samsung,High Value,Supermarkets ,Sales Associate,1589124.75,594,2675.29,515.70,4988.95
Samsung,High Value,Supermarkets ,Salesperson,1480243.58,540,2741.19,510.76,4993.37
Samsung,High Value,Supermarkets ,Senior Salesperson,1363122.49,507,2688.60,501.98,4991.12
Samsung,In-Store Regular,Large Malls / Complexes,Sales Associate,1725448.03,614,2810.18,512.41,4994.00
Samsung,In-Store Regular,Large Malls / Complexes,Salesperson,1459129.55,546,2672.40,501.27,4995.33
Samsung,In-Store Regular,Small Stores / Shops,Manager,1612283.91,604,2669.34,506.78,4993.04
Samsung,In-Store Regular,Small Stores / Shops,Sales Associate,1637974.43,605,2707.40,517.59,4980.77
Samsung,In-Store Regular,Small Stores / Shops,Salesperson,1688257.71,617,2736.24,504.11,4983.39
Samsung,In-Store Regular,Supermarkets ,Manager,1486993.98,558,2664.86,512.89,4983.54
Samsung,In-Store Regular,Supermarkets ,Sales Associate,1579754.55,578,2733.14,503.09,4985.76
Samsung,In-Store Regular,Supermarkets ,Salesperson,1676540.97,593,2827.22,522.14,4990.57
Samsung,In-Store Regular,Supermarkets ,Senior Salesperson,1472752.70,535,2752.81,505.98,4999.21
Samsung,Loyal Customer,Large Malls / Complexes,Manager,1553249.38,554,2803.70,500.90,4998.26
Samsung,Loyal Customer,Large Malls / Complexes,Sales Associate,1578371.41,563,2803.50,529.47,4996.07
Samsung,Loyal Customer,Large Malls / Complexes,Salesperson,1517230.80,550,2758.60,513.98,4999.50
Samsung,Loyal Customer,Small Stores / Shops,Manager,1576501.74,565,2790.27,500.93,4996.94
Samsung,Loyal Customer,Small Stores / Shops,Sales Associate,1667412.53,606,2751.51,500.38,4991.19
Samsung,Loyal Customer,Small Stores / Shops,Salesperson,1502879.95,554,2712.78,522.82,4998.87
Samsung,Loyal Customer,Supermarkets ,Manager,1655864.31,592,2797.07,513.45,4998.97
Samsung,Loyal Customer,Supermarkets ,Sales Associate,1703291.70,617,2760.60,500.68,4996.11
Samsung,Loyal Customer,Supermarkets ,Salesperson,1651543.50,581,2842.59,503.00,4988.94
Samsung,Loyal Customer,Supermarkets ,Senior Salesperson,1481434.33,527,2811.07,507.78,4997.26
Samsung,Occasional Shopper,Large Malls / Complexes,Manager,1517297.58,562,2699.82,505.65,4978.35
Samsung,Occasional Shopper,Large Malls / Complexes,Sales Associate,1665628.33,615,2708.34,501.55,4995.39
Samsung,Occasional Shopper,Large Malls / Complexes,Salesperson,1534442.15,559,2744.98,540.51,4992.38
Samsung,Occasional Shopper,Small Stores / Shops,Manager,1704476.88,611,2789.65,506.66,4997.28
Samsung,Occasional Shopper,Small Stores / Shops,Sales Associate,1573303.45,563,2794.50,509.09,4988.35
Samsung,Occasional Shopper,Small Stores / Shops,Salesperson,1667474.55,595,2802.48,500.09,4991.03
Samsung,Occasional Shopper,Small Stores / Shops,Senior Salesperson,1405077.54,519,2707.28,515.84,4977.80
Samsung,Occasional Shopper,Supermarkets ,Manager,1671608.23,614,2722.49,503.77,4996.60
Samsung,Occasional Shopper,Supermarkets ,Sales Associate,1687892.19,602,2803.81,514.98,4999.63
Samsung,Occasional Shopper,Supermarkets ,Salesperson,1733930.64,631,2747.91,515.99,4995.48
Samsung,Occasional Shopper,Supermarkets ,Senior Salesperson,1394512.50,507,2750.52,504.21,4996.35
Samsung,Online Shopper,Large Malls / Complexes,Manager,1534300.23,552,2779.53,503.07,4977.03
Samsung,Online Shopper,Large Malls / Complexes,Sales Associate,1467284.35,541,2712.17,505.51,4996.43
Samsung,Online Shopper,Large Malls / Complexes,Salesperson,1492721.05,533,2800.60,507.60,4998.12
Samsung,Online Shopper,Small Stores / Shops,Manager,1555945.36,567,2744.17,520.60,4998.33
Samsung,Online Shopper,Small Stores / Shops,Sales Associate,1704503.90,619,2753.64,505.74,4977.50
Samsung,Online Shopper,Small Stores / Shops,Salesperson,1637351.34,599,2733.47,503.09,4999.87
Samsung,Online Shopper,Small Stores / Shops,Senior Salesperson,1504767.36,525,2866.22,505.48,4987.94
Samsung,Online Shopper,Supermarkets ,Manager,1736932.82,602,2885.27,505.72,4988.82
Samsung,Online Shopper,Supermarkets ,Sales Associate,1719924.36,613,2805.75,511.65,4983.19
Samsung,Online Shopper,Supermarkets ,Salesperson,1645626.97,586,2808.24,500.93,4989.29
Samsung,Online Shopper,Supermarkets ,Senior Salesperson,1546852.95,559,2767.18,531.52,4997.91
Samsung,Premium Shopper,Large Malls / Complexes,Manager,1500472.22,532,2820.44,514.39,4995.60
Samsung,Premium Shopper,Large Malls / Complexes,Sales Associate,1599991.98,575,2782.59,504.23,4993.63
Samsung,Premium Shopper,Large Malls / Complexes,Salesperson,1539097.65,558,2758.24,508.18,4988.95
Samsung,Premium Shopper,Small Stores / Shops,Manager,1495366.37,556,2689.51,504.67,4993.19
Samsung,Premium Shopper,Small Stores / Shops,Sales Associate,1590992.69,576,2762.14,513.99,4994.43
Samsung,Premium Shopper,Small Stores / Shops,Salesperson,1610118.45,582,2766.53,514.45,4996.78
Samsung,Premium Shopper,Small Stores / Shops,Senior Salesperson,1464579.40,526,2784.37,501.06,4997.81
Samsung,Premium Shopper,Supermarkets ,Manager,1575398.17,574,2744.60,502.17,4995.69
Samsung,Premium Shopper,Supermarkets ,Sales Associate,1630672.58,589,2768.54,504.06,4995.18
Samsung,Premium Shopper,Supermarkets ,Salesperson,1591983.50,592,2689.16,513.00,4994.66
Samsung,Premium Shopper,Supermarkets ,Senior Salesperson,1559500.89,556,2804.86,517.61,4997.66
