category,brand,customer_segment,store_type,sum_amount,count,avg_amount,min_amount,max_amount
Clothing,Adidas,Budget Shopper,Large Malls / Complexes,2883152.41,1012,2848.96,509.13,4999.95
Clothing,Adidas,Budget Shopper,Small Stores / Shops,2935781.29,1115,2632.99,511.56,4998.36
Clothing,Adidas,Budget Shopper,Supermarkets ,3072465.26,1135,2707.02,501.20,4996.74
Clothing,Adidas,Churn Risk,Large Malls / Complexes,3019549.54,1084,2785.56,505.67,4999.86
Clothing,Adidas,Churn Risk,Small Stores / Shops,2886678.35,1042,2770.32,510.65,4996.24
Clothing,Adidas,Churn Risk,Supermarkets ,3203083.57,1167,2744.72,503.18,4998.40
Clothing,Adidas,Deal Seeker,Large Malls / Complexes,3074154.71,1101,2792.15,501.32,4994.20
Clothing,Adidas,Deal Seeker,Small Stores / Shops,3097878.69,1124,2756.12,503.97,4992.84
Clothing,Adidas,Deal Seeker,Supermarkets ,3154353.06,1136,2776.72,500.46,4996.95
Clothing,Adidas,First-time Buyer,Large Malls / Complexes,2956085.37,1079,2739.65,510.44,4997.63
Clothing,Adidas,First-time Buyer,Small Stores / Shops,2949976.50,1077,2739.07,501.06,4989.59
Clothing,Adidas,First-time Buyer,Supermarkets ,3077341.04,1136,2708.93,501.99,4999.86
Clothing,Adidas,High Value,Large Malls / Complexes,2970081.13,1085,2737.40,504.75,4995.33
Clothing,Adidas,High Value,Small Stores / Shops,2864668.39,1055,2715.33,500.17,4998.34
Clothing,Adidas,High Value,Supermarkets ,3207674.16,1188,2700.06,500.53,4999.38
Clothing,Adidas,In-Store Regular,Large Malls / Complexes,2610570.48,964,2708.06,501.08,4999.76
Clothing,Adidas,In-Store Regular,Small Stores / Shops,3036902.89,1107,2743.36,500.64,4988.61
Clothing,Adidas,In-Store Regular,Supermarkets ,3128926.30,1149,2723.17,501.16,4996.97
Clothing,Adidas,Loyal Customer,Large Malls / Complexes,2764073.26,1010,2736.71,506.41,4998.71
Clothing,Adidas,Loyal Customer,Small Stores / Shops,3112256.94,1130,2754.21,500.58,4996.78
Clothing,Adidas,Loyal Customer,Supermarkets ,3206659.62,1175,2729.07,507.47,4992.84
Clothing,Adidas,Occasional Shopper,Large Malls / Complexes,2876989.50,1042,2761.03,502.00,4994.47
Clothing,Adidas,Occasional Shopper,Small Stores / Shops,3107039.42,1110,2799.13,503.46,4998.86
Clothing,Adidas,Occasional Shopper,Supermarkets ,3092668.84,1144,2703.38,501.26,4993.56
Clothing,Adidas,Online Shopper,Large Malls / Complexes,2742930.36,1008,2721.16,500.11,4986.59
Clothing,Adidas,Online Shopper,Small Stores / Shops,3080172.30,1110,2774.93,516.58,4999.41
Clothing,Adidas,Online Shopper,Supermarkets ,3105043.11,1142,2718.95,502.26,4987.14
Clothing,Adidas,Premium Shopper,Large Malls / Complexes,2943339.08,1072,2745.65,500.83,4999.76
Clothing,Adidas,Premium Shopper,Small Stores / Shops,2884809.78,1039,2776.53,506.24,4987.71
Clothing,Adidas,Premium Shopper,Supermarkets ,3015673.26,1116,2702.22,506.98,4980.89
Clothing,Levi's,Budget Shopper,Large Malls / Complexes,2714950.01,1001,2712.24,507.99,4992.48
Clothing,Levi's,Budget Shopper,Small Stores / Shops,3167943.19,1144,2769.18,505.15,4996.92
Clothing,Levi's,Budget Shopper,Supermarkets ,3260523.60,1187,2746.86,501.09,4989.93
Clothing,Levi's,Churn Risk,Large Malls / Complexes,3044003.46,1108,2747.30,501.38,4994.40
Clothing,Levi's,Churn Risk,Small Stores / Shops,3417003.14,1250,2733.60,506.94,4997.36
Clothing,Levi's,Churn Risk,Supermarkets ,3106553.51,1118,2778.67,500.17,4996.75
Clothing,Levi's,Deal Seeker,Large Malls / Complexes,3063855.12,1110,2760.23,502.02,4974.76
Clothing,Levi's,Deal Seeker,Small Stores / Shops,3132104.83,1128,2776.69,503.19,4998.97
Clothing,Levi's,Deal Seeker,Supermarkets ,3247883.19,1202,2702.07,501.70,4993.33
Clothing,Levi's,First-time Buyer,Large Malls / Complexes,3019450.97,1074,2811.41,500.37,4996.53
Clothing,Levi's,First-time Buyer,Small Stores / Shops,3019490.04,1095,2757.53,503.70,4996.15
Clothing,Levi's,First-time Buyer,Supermarkets ,3302516.02,1185,2786.93,500.27,4990.95
Clothing,Levi's,High Value,Large Malls / Complexes,2857309.75,1039,2750.06,506.74,4993.83
Clothing,Levi's,High Value,Small Stores / Shops,3270585.82,1178,2776.39,510.90,4999.26
Clothing,Levi's,High Value,Supermarkets ,2977532.66,1092,2726.68,501.71,4989.35
Clothing,Levi's,In-Store Regular,Large Malls / Complexes,2790231.63,1025,2722.18,500.60,4997.25
Clothing,Levi's,In-Store Regular,Small Stores / Shops,3231580.79,1179,2740.95,502.23,4999.49
Clothing,Levi's,In-Store Regular,Supermarkets ,3196573.61,1141,2801.55,501.02,4998.47
Clothing,Levi's,Loyal Customer,Large Malls / Complexes,3162731.02,1120,2823.87,502.97,4999.97
Clothing,Levi's,Loyal Customer,Small Stores / Shops,2936920.02,1078,2724.42,503.91,4997.63
Clothing,Levi's,Loyal Customer,Supermarkets ,3040954.03,1117,2722.43,501.94,4999.85
Clothing,Levi's,Occasional Shopper,Large Malls / Complexes,2775679.13,1036,2679.23,501.94,4991.55
Clothing,Levi's,Occasional Shopper,Small Stores / Shops,3148885.50,1145,2750.12,501.31,4992.74
Clothing,Levi's,Occasional Shopper,Supermarkets ,3134366.60,1158,2706.71,501.79,4994.57
Clothing,Levi's,Online Shopper,Large Malls / Complexes,2998208.60,1060,2828.50,507.81,4999.60
Clothing,Levi's,Online Shopper,Small Stores / Shops,3200030.90,1169,2737.41,501.14,4985.08
Clothing,Levi's,Online Shopper,Supermarkets ,3219106.60,1169,2753.73,500.12,4996.33
Clothing,Levi's,Premium Shopper,Large Malls / Complexes,2716169.39,1018,2668.14,501.18,4979.50
Clothing,Levi's,Premium Shopper,Small Stores / Shops,2949831.44,1081,2728.80,500.17,4998.56
Clothing,Levi's,Premium Shopper,Supermarkets ,3243882.40,1159,2798.86,504.42,4988.37
Clothing,Nike,Budget Shopper,Large Malls / Complexes,3040747.38,1109,2741.88,501.91,4999.12
Clothing,Nike,Budget Shopper,Small Stores / Shops,3208303.54,1157,2772.95,505.48,4999.08
Clothing,Nike,Budget Shopper,Supermarkets ,3257726.61,1157,2815.67,508.71,4993.22
Clothing,Nike,Churn Risk,Large Malls / Complexes,2687211.43,1017,2642.29,500.82,4999.04
Clothing,Nike,Churn Risk,Small Stores / Shops,3169428.58,1154,2746.47,510.00,4998.85
Clothing,Nike,Churn Risk,Supermarkets ,3297079.01,1189,2772.98,508.53,4998.67
Clothing,Nike,Deal Seeker,Large Malls / Complexes,2870357.33,1067,2690.12,501.97,4996.55
Clothing,Nike,Deal Seeker,Small Stores / Shops,3062011.65,1131,2707.35,500.14,4996.81
Clothing,Nike,Deal Seeker,Supermarkets ,3113901.19,1161,2682.09,500.89,4997.93
Clothing,Nike,First-time Buyer,Large Malls / Complexes,2981582.44,1080,2760.72,514.42,4998.79
Clothing,Nike,First-time Buyer,Small Stores / Shops,3117572.29,1140,2734.71,501.63,4998.40
Clothing,Nike,First-time Buyer,Supermarkets ,2989436.65,1073,2786.05,511.89,4998.86
Clothing,Nike,High Value,Large Malls / Complexes,2802536.74,1018,2752.98,501.48,4987.90
Clothing,Nike,High Value,Small Stores / Shops,3165347.26,1125,2813.64,502.52,4999.95
Clothing,Nike,High Value,Supermarkets ,3292872.60,1176,2800.06,500.77,4999.11
Clothing,Nike,In-Store Regular,Large Malls / Complexes,2831329.05,1040,2722.43,511.44,4998.76
Clothing,Nike,In-Store Regular,Small Stores / Shops,3129977.05,1130,2769.89,506.75,4998.73
Clothing,Nike,In-Store Regular,Supermarkets ,3235571.66,1182,2737.37,502.32,4999.33
Clothing,Nike,Loyal Customer,Large Malls / Complexes,3008429.27,1071,2808.99,501.58,4997.89
Clothing,Nike,Loyal Customer,Small Stores / Shops,3244005.26,1158,2801.39,508.62,4998.67
Clothing,Nike,Loyal Customer,Supermarkets ,3255749.69,1186,2745.15,502.19,4998.23
Clothing,Nike,Occasional Shopper,Large Malls / Complexes,3049777.05,1120,2723.02,501.20,4999.19
Clothing,Nike,Occasional Shopper,Small Stores / Shops,3124106.68,1128,2769.60,500.65,4995.34
Clothing,Nike,Occasional Shopper,Supermarkets ,3160358.85,1138,2777.12,510.06,4999.75
Clothing,Nike,Online Shopper,Large Malls / Complexes,2902406.27,1044,2780.08,500.29,4997.02
Clothing,Nike,Online Shopper,Small Stores / Shops,3126029.07,1102,2836.69,502.80,4998.41
Clothing,Nike,Online Shopper,Supermarkets ,3063830.72,1105,2772.70,500.43,4995.11
Clothing,Nike,Premium Shopper,Large Malls / Complexes,2752883.77,1028,2677.90,500.72,4997.81
Clothing,Nike,Premium Shopper,Small Stores / Shops,3223369.10,1162,2773.98,512.94,4996.89
Clothing,Nike,Premium Shopper,Supermarkets ,3173645.05,1114,2848.87,503.54,4997.44
Clothing,Puma,Budget Shopper,Large Malls / Complexes,2841716.58,1026,2769.70,502.32,4993.20
Clothing,Puma,Budget Shopper,Small Stores / Shops,3164017.93,1146,2760.92,504.90,4998.97
Clothing,Puma,Budget Shopper,Supermarkets ,2974122.73,1079,2756.37,508.47,4999.85
Clothing,Puma,Churn Risk,Large Malls / Complexes,2711595.83,1001,2708.89,503.81,4998.56
Clothing,Puma,Churn Risk,Small Stores / Shops,3088982.03,1130,2733.61,500.57,4997.16
Clothing,Puma,Churn Risk,Supermarkets ,2977437.53,1100,2706.76,503.04,4994.80
Clothing,Puma,Deal Seeker,Large Malls / Complexes,3054028.40,1102,2771.35,506.16,4998.00
Clothing,Puma,Deal Seeker,Small Stores / Shops,3232760.48,1174,2753.63,504.07,4996.19
Clothing,Puma,Deal Seeker,Supermarkets ,3129098.35,1127,2776.48,500.07,4999.01
Clothing,Puma,First-time Buyer,Large Malls / Complexes,2716821.32,996,2727.73,514.57,4999.23
Clothing,Puma,First-time Buyer,Small Stores / Shops,3101086.51,1103,2811.50,503.57,4999.40
Clothing,Puma,First-time Buyer,Supermarkets ,3091551.78,1136,2721.44,502.20,4999.98
Clothing,Puma,High Value,Large Malls / Complexes,2934900.98,1078,2722.54,504.64,4997.99
Clothing,Puma,High Value,Small Stores / Shops,3042765.48,1098,2771.19,503.43,4998.14
Clothing,Puma,High Value,Supermarkets ,3014059.85,1119,2693.53,500.45,4984.98
Clothing,Puma,In-Store Regular,Large Malls / Complexes,2811296.04,1008,2788.98,501.78,4998.12
Clothing,Puma,In-Store Regular,Small Stores / Shops,3017903.89,1111,2716.39,500.74,4995.61
Clothing,Puma,In-Store Regular,Supermarkets ,3216485.23,1151,2794.51,501.80,4998.89
Clothing,Puma,Loyal Customer,Large Malls / Complexes,2800016.00,1033,2710.57,500.18,4996.71
Clothing,Puma,Loyal Customer,Small Stores / Shops,3068102.98,1136,2700.79,516.12,4999.68
Clothing,Puma,Loyal Customer,Supermarkets ,3219768.31,1174,2742.56,502.12,4997.42
Clothing,Puma,Occasional Shopper,Large Malls / Complexes,2917158.31,1069,2728.87,505.58,4997.93
Clothing,Puma,Occasional Shopper,Small Stores / Shops,3208181.25,1130,2839.10,503.74,4997.50
Clothing,Puma,Occasional Shopper,Supermarkets ,3444593.31,1232,2795.94,502.57,4993.54
Clothing,Puma,Online Shopper,Large Malls / Complexes,2971516.05,1089,2728.66,500.66,4999.45
Clothing,Puma,Online Shopper,Small Stores / Shops,3021023.48,1092,2766.51,503.51,4993.01
Clothing,Puma,Online Shopper,Supermarkets ,3115695.08,1145,2721.13,503.61,4998.52
Clothing,Puma,Premium Shopper,Large Malls / Complexes,2811030.51,1037,2710.73,501.68,4993.14
Clothing,Puma,Premium Shopper,Small Stores / Shops,3095744.12,1079,2869.09,500.07,4997.57
Clothing,Puma,Premium Shopper,Supermarkets ,3248803.69,1179,2755.56,502.77,4998.60
Clothing,Zara,Budget Shopper,Large Malls / Complexes,3087049.55,1100,2806.41,502.21,4986.36
Clothing,Zara,Budget Shopper,Small Stores / Shops,3040217.28,1113,2731.55,507.40,4997.51
Clothing,Zara,Budget Shopper,Supermarkets ,3073486.91,1119,2746.64,502.76,4993.28
Clothing,Zara,Churn Risk,Large Malls / Complexes,2869646.17,1050,2733.00,505.77,4999.91
Clothing,Zara,Churn Risk,Small Stores / Shops,3140848.51,1136,2764.83,504.24,4999.45
Clothing,Zara,Churn Risk,Supermarkets ,3179490.08,1168,2722.17,502.44,4998.98
Clothing,Zara,Deal Seeker,Large Malls / Complexes,2862497.47,1054,2715.84,509.20,4996.18
Clothing,Zara,Deal Seeker,Small Stores / Shops,3043969.35,1121,2715.41,502.55,4999.81
Clothing,Zara,Deal Seeker,Supermarkets ,3081517.96,1123,2744.01,501.71,4995.44
Clothing,Zara,First-time Buyer,Large Malls / Complexes,2880758.17,1027,2805.02,500.46,4999.45
Clothing,Zara,First-time Buyer,Small Stores / Shops,3093072.65,1111,2784.04,501.24,4999.82
Clothing,Zara,First-time Buyer,Supermarkets ,3147968.46,1113,2828.36,509.54,4994.01
Clothing,Zara,High Value,Large Malls / Complexes,2833406.41,1009,2808.13,501.00,4999.71
Clothing,Zara,High Value,Small Stores / Shops,2937340.45,1076,2729.87,513.31,4999.73
Clothing,Zara,High Value,Supermarkets ,3228065.21,1204,2681.12,506.06,4997.38
Clothing,Zara,In-Store Regular,Large Malls / Complexes,2854800.31,1024,2787.89,506.92,4999.80
Clothing,Zara,In-Store Regular,Small Stores / Shops,2979158.56,1078,2763.60,504.23,4995.99
Clothing,Zara,In-Store Regular,Supermarkets ,2890171.50,1069,2703.62,503.25,4991.98
Clothing,Zara,Loyal Customer,Large Malls / Complexes,2947468.89,1088,2709.07,501.59,4996.42
Clothing,Zara,Loyal Customer,Small Stores / Shops,2963402.75,1074,2759.22,500.50,4998.42
Clothing,Zara,Loyal Customer,Supermarkets ,3188096.20,1148,2777.09,503.15,4993.23
Clothing,Zara,Occasional Shopper,Large Malls / Complexes,2841453.58,1024,2774.86,502.01,4995.74
Clothing,Zara,Occasional Shopper,Small Stores / Shops,3062425.52,1112,2753.98,510.43,4999.06
Clothing,Zara,Occasional Shopper,Supermarkets ,3215881.69,1161,2769.92,501.28,4997.44
Clothing,Zara,Online Shopper,Large Malls / Complexes,2976789.08,1068,2787.26,500.93,4995.75
Clothing,Zara,Online Shopper,Small Stores / Shops,3076219.81,1116,2756.47,504.12,4978.98
Clothing,Zara,Online Shopper,Supermarkets ,3400833.30,1221,2785.29,502.39,4994.87
Clothing,Zara,Premium Shopper,Large Malls / Complexes,2699339.17,999,2702.04,503.34,4999.44
Clothing,Zara,Premium Shopper,Small Stores / Shops,2955133.43,1074,2751.52,500.32,4997.25
Clothing,Zara,Premium Shopper,Supermarkets ,3031635.36,1113,2723.84,508.91,4989.52
Electronics,Apple,Budget Shopper,Large Malls / Complexes,2965573.37,1082,2740.83,504.78,4991.42
Electronics,Apple,Budget Shopper,Small Stores / Shops,3110438.01,1128,2757.48,501.68,4995.51
Electronics,Apple,Budget Shopper,Supermarkets ,3144804.49,1134,2773.20,514.94,4991.30
Electronics,Apple,Churn Risk,Large Malls / Complexes,2745125.78,1000,2745.13,500.60,4971.35
Electronics,Apple,Churn Risk,Small Stores / Shops,2941926.29,1085,2711.45,515.83,4989.77
Electronics,Apple,Churn Risk,Supermarkets ,3384740.79,1244,2720.85,502.32,4994.23
Electronics,Apple,Deal Seeker,Large Malls / Complexes,2917511.76,1059,2754.97,502.34,4999.77
Electronics,Apple,Deal Seeker,Small Stores / Shops,3161417.66,1148,2753.85,511.39,4998.11
Electronics,Apple,Deal Seeker,Supermarkets ,3100490.59,1138,2724.51,509.00,4983.25
Electronics,Apple,First-time Buyer,Large Malls / Complexes,2888969.00,1056,2735.77,505.51,4999.20
Electronics,Apple,First-time Buyer,Small Stores / Shops,2976567.65,1072,2776.65,505.11,4997.68
Electronics,Apple,First-time Buyer,Supermarkets ,3199478.35,1149,2784.58,506.54,4999.96
Electronics,Apple,High Value,Large Malls / Complexes,2704313.10,988,2737.16,500.64,4993.95
Electronics,Apple,High Value,Small Stores / Shops,3186056.40,1156,2756.10,505.44,4998.48
Electronics,Apple,High Value,Supermarkets ,3108726.58,1161,2677.63,503.12,4999.52
Electronics,Apple,In-Store Regular,Large Malls / Complexes,2770007.35,1003,2761.72,500.25,4999.96
Electronics,Apple,In-Store Regular,Small Stores / Shops,3174428.94,1158,2741.30,500.80,4995.70
Electronics,Apple,In-Store Regular,Supermarkets ,3153756.66,1149,2744.78,503.16,4997.96
Electronics,Apple,Loyal Customer,Large Malls / Complexes,2859384.83,1034,2765.36,505.53,4999.83
Electronics,Apple,Loyal Customer,Small Stores / Shops,2996191.26,1100,2723.81,504.97,4999.80
Electronics,Apple,Loyal Customer,Supermarkets ,3129866.08,1101,2842.75,508.55,4996.09
Electronics,Apple,Occasional Shopper,Large Malls / Complexes,3012518.63,1089,2766.32,505.17,4997.26
Electronics,Apple,Occasional Shopper,Small Stores / Shops,3251604.75,1149,2829.94,500.26,4997.93
Electronics,Apple,Occasional Shopper,Supermarkets ,3085307.91,1142,2701.67,510.55,4996.32
Electronics,Apple,Online Shopper,Large Malls / Complexes,2889315.71,1048,2756.98,500.77,4998.93
Electronics,Apple,Online Shopper,Small Stores / Shops,3076845.16,1127,2730.12,512.61,4995.06
Electronics,Apple,Online Shopper,Supermarkets ,3131742.37,1151,2720.89,500.70,4998.84
Electronics,Apple,Premium Shopper,Large Malls / Complexes,2822814.43,1033,2732.64,504.05,4996.76
Electronics,Apple,Premium Shopper,Small Stores / Shops,3141995.33,1135,2768.28,503.41,4993.39
Electronics,Apple,Premium Shopper,Supermarkets ,3076267.11,1139,2700.85,502.69,4985.88
Electronics,LG,Budget Shopper,Large Malls / Complexes,2852207.42,1048,2721.57,504.53,4996.41
Electronics,LG,Budget Shopper,Small Stores / Shops,3135959.21,1139,2753.26,520.15,4991.96
Electronics,LG,Budget Shopper,Supermarkets ,3048381.04,1116,2731.52,502.26,4997.22
Electronics,LG,Churn Risk,Large Malls / Complexes,3044014.11,1106,2752.27,502.94,4995.01
Electronics,LG,Churn Risk,Small Stores / Shops,3295293.33,1180,2792.62,501.23,4996.70
Electronics,LG,Churn Risk,Supermarkets ,3139394.49,1136,2763.55,500.17,4995.63
Electronics,LG,Deal Seeker,Large Malls / Complexes,2954091.56,1053,2805.41,503.52,4997.31
Electronics,LG,Deal Seeker,Small Stores / Shops,3073885.07,1106,2779.28,502.12,4998.59
Electronics,LG,Deal Seeker,Supermarkets ,3275486.40,1198,2734.13,504.17,4997.26
Electronics,LG,First-time Buyer,Large Malls / Complexes,3098770.44,1092,2837.70,504.53,4999.10
Electronics,LG,First-time Buyer,Small Stores / Shops,3042081.90,1123,2708.89,500.75,4999.20
Electronics,LG,First-time Buyer,Supermarkets ,3063369.21,1140,2687.17,508.23,4999.11
Electronics,LG,High Value,Large Malls / Complexes,2913738.01,1034,2817.93,500.70,4999.45
Electronics,LG,High Value,Small Stores / Shops,3049498.32,1095,2784.93,501.39,4992.82
Electronics,LG,High Value,Supermarkets ,3206291.01,1159,2766.43,504.82,4999.77
Electronics,LG,In-Store Regular,Large Malls / Complexes,2869589.15,1015,2827.18,503.81,4994.64
Electronics,LG,In-Store Regular,Small Stores / Shops,2907148.44,1080,2691.80,517.68,4998.70
Electronics,LG,In-Store Regular,Supermarkets ,3122434.46,1134,2753.47,501.76,4999.09
Electronics,LG,Loyal Customer,Large Malls / Complexes,2846539.19,1062,2680.36,502.74,4991.69
Electronics,LG,Loyal Customer,Small Stores / Shops,2997455.40,1095,2737.40,504.23,4995.58
Electronics,LG,Loyal Customer,Supermarkets ,3197873.74,1183,2703.19,514.69,4993.14
Electronics,LG,Occasional Shopper,Large Malls / Complexes,2951655.70,1054,2800.43,508.49,4998.42
Electronics,LG,Occasional Shopper,Small Stores / Shops,3060837.94,1119,2735.33,501.06,4996.56
Electronics,LG,Occasional Shopper,Supermarkets ,3058636.54,1131,2704.36,501.39,4997.14
Electronics,LG,Online Shopper,Large Malls / Complexes,2919748.46,1047,2788.68,502.74,4995.33
Electronics,LG,Online Shopper,Small Stores / Shops,3105527.37,1125,2760.47,502.18,4996.84
Electronics,LG,Online Shopper,Supermarkets ,3080595.10,1123,2743.18,503.23,4987.89
Electronics,LG,Premium Shopper,Large Malls / Complexes,3012494.01,1088,2768.84,505.99,4995.82
Electronics,LG,Premium Shopper,Small Stores / Shops,3118859.22,1127,2767.40,514.96,4996.89
Electronics,LG,Premium Shopper,Supermarkets ,3270389.67,1162,2814.45,504.90,4997.79
Electronics,Panasonic,Budget Shopper,Large Malls / Complexes,2798869.97,997,2807.29,500.80,4999.40
Electronics,Panasonic,Budget Shopper,Small Stores / Shops,3024397.26,1073,2818.64,500.59,4996.39
Electronics,Panasonic,Budget Shopper,Supermarkets ,3168008.35,1150,2754.79,501.31,4998.92
Electronics,Panasonic,Churn Risk,Large Malls / Complexes,2895366.01,1052,2752.25,501.57,4997.13
Electronics,Panasonic,Churn Risk,Small Stores / Shops,3134086.94,1150,2725.29,500.20,4998.99
Electronics,Panasonic,Churn Risk,Supermarkets ,3212915.16,1150,2793.84,502.31,4999.64
Electronics,Panasonic,Deal Seeker,Large Malls / Complexes,2835115.70,1038,2731.33,513.19,4994.86
Electronics,Panasonic,Deal Seeker,Small Stores / Shops,3360958.27,1205,2789.18,500.14,4997.91
Electronics,Panasonic,Deal Seeker,Supermarkets ,3132261.16,1137,2754.85,503.53,4999.75
Electronics,Panasonic,First-time Buyer,Large Malls / Complexes,2892307.24,1055,2741.52,503.56,4999.78
Electronics,Panasonic,First-time Buyer,Small Stores / Shops,3008972.05,1123,2679.41,511.07,4992.49
Electronics,Panasonic,First-time Buyer,Supermarkets ,3194509.54,1150,2777.83,507.16,4999.90
Electronics,Panasonic,High Value,Large Malls / Complexes,2966987.65,1074,2762.56,503.72,4990.51
Electronics,Panasonic,High Value,Small Stores / Shops,3222252.26,1161,2775.41,502.39,4996.64
Electronics,Panasonic,High Value,Supermarkets ,3070914.61,1128,2722.44,504.69,4998.89
Electronics,Panasonic,In-Store Regular,Large Malls / Complexes,2977177.67,1113,2674.91,501.86,4995.07
Electronics,Panasonic,In-Store Regular,Small Stores / Shops,3222684.14,1158,2782.97,508.37,4999.96
Electronics,Panasonic,In-Store Regular,Supermarkets ,3319310.56,1200,2766.09,507.19,4999.60
Electronics,Panasonic,Loyal Customer,Large Malls / Complexes,2989641.40,1073,2786.25,502.33,4992.01
Electronics,Panasonic,Loyal Customer,Small Stores / Shops,3042172.92,1118,2721.08,501.47,4997.36
Electronics,Panasonic,Loyal Customer,Supermarkets ,3064423.23,1116,2745.90,500.20,4997.54
Electronics,Panasonic,Occasional Shopper,Large Malls / Complexes,2966758.53,1064,2788.31,507.71,4998.19
Electronics,Panasonic,Occasional Shopper,Small Stores / Shops,3257322.21,1169,2786.42,500.15,4991.92
Electronics,Panasonic,Occasional Shopper,Supermarkets ,3269727.44,1172,2789.87,503.80,4995.38
Electronics,Panasonic,Online Shopper,Large Malls / Complexes,3056981.67,1096,2789.22,503.43,4999.83
Electronics,Panasonic,Online Shopper,Small Stores / Shops,3040086.74,1087,2796.77,506.53,4993.48
Electronics,Panasonic,Online Shopper,Supermarkets ,3281807.33,1178,2785.91,500.09,4998.72
Electronics,Panasonic,Premium Shopper,Large Malls / Complexes,2849353.07,1029,2769.05,501.34,4996.51
Electronics,Panasonic,Premium Shopper,Small Stores / Shops,2995602.83,1092,2743.23,500.34,4997.71
Electronics,Panasonic,Premium Shopper,Supermarkets ,3251855.21,1177,2762.83,500.51,4999.87
Electronics,Samsung,Budget Shopper,Large Malls / Complexes,2827749.47,1014,2788.71,501.48,4998.35
Electronics,Samsung,Budget Shopper,Small Stores / Shops,3049232.54,1084,2812.95,502.24,4999.28
Electronics,Samsung,Budget Shopper,Supermarkets ,3164791.30,1149,2754.39,503.78,4988.20
Electronics,Samsung,Churn Risk,Large Malls / Complexes,2892260.43,1053,2746.69,505.30,4991.94
Electronics,Samsung,Churn Risk,Small Stores / Shops,3108255.07,1155,2691.13,501.42,4999.69
Electronics,Samsung,Churn Risk,Supermarkets ,3195792.89,1151,2776.54,501.03,4994.08
Electronics,Samsung,Deal Seeker,Large Malls / Complexes,2797724.95,1014,2759.10,503.08,4986.14
Electronics,Samsung,Deal Seeker,Small Stores / Shops,3134761.53,1126,2783.98,501.85,4998.39
Electronics,Samsung,Deal Seeker,Supermarkets ,3244466.32,1206,2690.27,505.19,4998.01
Electronics,Samsung,First-time Buyer,Large Malls / Complexes,2917059.10,1080,2700.98,501.91,4997.02
Electronics,Samsung,First-time Buyer,Small Stores / Shops,3169692.73,1158,2737.21,506.47,4994.98
Electronics,Samsung,First-time Buyer,Supermarkets ,3255732.90,1157,2813.94,500.13,4999.71
Electronics,Samsung,High Value,Large Malls / Complexes,2903184.30,1026,2829.61,504.44,4992.51
Electronics,Samsung,High Value,Small Stores / Shops,3149826.18,1129,2789.93,513.42,4982.96
Electronics,Samsung,High Value,Supermarkets ,3052327.14,1130,2701.17,501.98,4993.37
Electronics,Samsung,In-Store Regular,Large Malls / Complexes,2890646.38,1063,2719.33,501.27,4995.33
Electronics,Samsung,In-Store Regular,Small Stores / Shops,3201634.25,1167,2743.47,503.76,4999.11
Electronics,Samsung,In-Store Regular,Supermarkets ,3205215.57,1181,2713.98,507.40,4995.10
Electronics,Samsung,Loyal Customer,Large Malls / Complexes,2926326.81,1052,2781.68,518.86,4999.50
Electronics,Samsung,Loyal Customer,Small Stores / Shops,3107149.10,1115,2786.68,510.19,4997.09
Electronics,Samsung,Loyal Customer,Supermarkets ,3212621.99,1163,2762.36,501.94,4998.97
Electronics,Samsung,Occasional Shopper,Large Malls / Complexes,2982157.25,1088,2740.95,501.55,4997.57
Electronics,Samsung,Occasional Shopper,Small Stores / Shops,3191035.50,1156,2760.41,527.70,4991.85
Electronics,Samsung,Occasional Shopper,Supermarkets ,3195495.90,1150,2778.69,503.77,4999.63
Electronics,Samsung,Online Shopper,Large Malls / Complexes,2719664.12,1006,2703.44,505.51,4998.12
Electronics,Samsung,Online Shopper,Small Stores / Shops,3255239.34,1164,2796.60,505.74,4998.33
Electronics,Samsung,Online Shopper,Supermarkets ,3413238.78,1195,2856.27,500.93,4997.91
Electronics,Samsung,Premium Shopper,Large Malls / Complexes,2937852.42,1063,2763.74,504.23,4995.60
Electronics,Samsung,Premium Shopper,Small Stores / Shops,3212030.76,1170,2745.33,504.67,4997.81
Electronics,Samsung,Premium Shopper,Supermarkets ,3183536.83,1157,2751.54,502.17,4995.69
Electronics,Sony,Budget Shopper,Large Malls / Complexes,2980313.47,1069,2787.95,500.55,4990.97
Electronics,Sony,Budget Shopper,Small Stores / Shops,3005525.63,1076,2793.24,505.65,4997.06
Electronics,Sony,Budget Shopper,Supermarkets ,3136717.89,1138,2756.34,505.51,4996.70
Electronics,Sony,Churn Risk,Large Malls / Complexes,2801583.55,1027,2727.93,504.98,4997.94
Electronics,Sony,Churn Risk,Small Stores / Shops,2835294.79,1045,2713.20,501.99,4997.03
Electronics,Sony,Churn Risk,Supermarkets ,3298869.78,1204,2739.93,500.37,4973.40
Electronics,Sony,Deal Seeker,Large Malls / Complexes,2890338.62,1073,2693.70,500.80,4984.20
Electronics,Sony,Deal Seeker,Small Stores / Shops,3000860.98,1103,2720.64,501.33,4999.82
Electronics,Sony,Deal Seeker,Supermarkets ,3127226.94,1157,2702.88,507.68,4999.95
Electronics,Sony,First-time Buyer,Large Malls / Complexes,2968900.60,1068,2779.87,504.33,4997.65
Electronics,Sony,First-time Buyer,Small Stores / Shops,2919743.22,1070,2728.73,500.72,4995.49
Electronics,Sony,First-time Buyer,Supermarkets ,3099034.96,1099,2819.87,500.19,4999.11
Electronics,Sony,High Value,Large Malls / Complexes,2895743.55,1085,2668.89,502.93,4998.62
Electronics,Sony,High Value,Small Stores / Shops,3164648.66,1168,2709.46,501.00,4995.77
Electronics,Sony,High Value,Supermarkets ,3012401.93,1102,2733.58,504.44,4999.96
Electronics,Sony,In-Store Regular,Large Malls / Complexes,2960668.83,1086,2726.21,502.96,4998.89
Electronics,Sony,In-Store Regular,Small Stores / Shops,2967123.74,1073,2765.26,508.20,4998.63
Electronics,Sony,In-Store Regular,Supermarkets ,3081804.08,1115,2763.95,500.05,4998.29
Electronics,Sony,Loyal Customer,Large Malls / Complexes,2817805.05,1029,2738.39,520.36,4997.33
Electronics,Sony,Loyal Customer,Small Stores / Shops,3192764.43,1166,2738.22,500.08,4998.12
Electronics,Sony,Loyal Customer,Supermarkets ,3291236.51,1187,2772.74,511.62,4999.15
Electronics,Sony,Occasional Shopper,Large Malls / Complexes,2965383.30,1081,2743.19,512.68,4995.40
Electronics,Sony,Occasional Shopper,Small Stores / Shops,3068540.47,1111,2761.96,506.15,4997.58
Electronics,Sony,Occasional Shopper,Supermarkets ,3202751.13,1155,2772.94,515.45,4998.09
Electronics,Sony,Online Shopper,Large Malls / Complexes,3037601.61,1116,2721.87,502.74,4999.95
Electronics,Sony,Online Shopper,Small Stores / Shops,3054357.50,1125,2714.98,501.02,4972.09
Electronics,Sony,Online Shopper,Supermarkets ,3039896.70,1105,2751.04,502.78,4995.68
Electronics,Sony,Premium Shopper,Large Malls / Complexes,2959614.07,1070,2765.99,506.00,4998.76
Electronics,Sony,Premium Shopper,Small Stores / Shops,2875868.79,1062,2707.97,500.73,4993.03
Electronics,Sony,Premium Shopper,Supermarkets ,3263322.91,1184,2756.18,501.14,4999.13
Furniture,Godrej Interio,Budget Shopper,Large Malls / Complexes,2880349.31,1064,2707.10,508.66,4999.77
Furniture,Godrej Interio,Budget Shopper,Small Stores / Shops,3071639.85,1140,2694.42,502.47,4987.15
Furniture,Godrej Interio,Budget Shopper,Supermarkets ,3158868.20,1133,2788.06,501.67,4999.39
Furniture,Godrej Interio,Churn Risk,Large Malls / Complexes,2790122.96,1048,2662.33,516.15,4997.24
Furniture,Godrej Interio,Churn Risk,Small Stores / Shops,3084463.05,1136,2715.20,503.75,4999.20
Furniture,Godrej Interio,Churn Risk,Supermarkets ,3142001.43,1146,2741.71,503.48,4996.09
Furniture,Godrej Interio,Deal Seeker,Large Malls / Complexes,2966690.91,1081,2744.39,505.24,4998.98
Furniture,Godrej Interio,Deal Seeker,Small Stores / Shops,3042357.60,1131,2689.97,501.02,4999.40
Furniture,Godrej Interio,Deal Seeker,Supermarkets ,3163310.75,1160,2726.99,503.19,4995.00
Furniture,Godrej Interio,First-time Buyer,Large Malls / Complexes,2832812.17,1027,2758.34,500.38,4999.65
Furniture,Godrej Interio,First-time Buyer,Small Stores / Shops,3150762.35,1145,2751.76,504.88,4991.93
Furniture,Godrej Interio,First-time Buyer,Supermarkets ,3142130.53,1165,2697.11,503.30,4999.17
Furniture,Godrej Interio,High Value,Large Malls / Complexes,2915668.94,1060,2750.63,505.18,4998.10
Furniture,Godrej Interio,High Value,Small Stores / Shops,3094486.71,1130,2738.48,531.93,4994.56
Furniture,Godrej Interio,High Value,Supermarkets ,3151492.87,1147,2747.60,504.51,4998.80
Furniture,Godrej Interio,In-Store Regular,Large Malls / Complexes,2850976.20,1017,2803.32,500.68,4994.01
Furniture,Godrej Interio,In-Store Regular,Small Stores / Shops,3021212.08,1116,2707.18,500.57,4989.70
Furniture,Godrej Interio,In-Store Regular,Supermarkets ,3195924.08,1191,2683.40,505.38,4995.77
Furniture,Godrej Interio,Loyal Customer,Large Malls / Complexes,2863803.21,1029,2783.09,502.50,4994.08
Furniture,Godrej Interio,Loyal Customer,Small Stores / Shops,3198210.06,1165,2745.24,503.81,4997.34
Furniture,Godrej Interio,Loyal Customer,Supermarkets ,3172613.26,1144,2773.26,508.28,4996.61
Furniture,Godrej Interio,Occasional Shopper,Large Malls / Complexes,2842652.78,1047,2715.05,501.14,4994.03
Furniture,Godrej Interio,Occasional Shopper,Small Stores / Shops,2937974.87,1075,2733.00,504.08,4999.44
Furniture,Godrej Interio,Occasional Shopper,Supermarkets ,3162217.88,1160,2726.05,503.68,4997.96
Furniture,Godrej Interio,Online Shopper,Large Malls / Complexes,3004838.64,1054,2850.89,500.23,4996.98
Furniture,Godrej Interio,Online Shopper,Small Stores / Shops,3100587.61,1151,2693.82,502.89,4998.57
Furniture,Godrej Interio,Online Shopper,Supermarkets ,3415926.85,1243,2748.13,502.59,4995.74
Furniture,Godrej Interio,Premium Shopper,Large Malls / Complexes,2855419.62,1021,2796.69,502.26,4999.01
Furniture,Godrej Interio,Premium Shopper,Small Stores / Shops,3033945.21,1088,2788.55,501.02,4992.08
Furniture,Godrej Interio,Premium Shopper,Supermarkets ,3032486.53,1116,2717.28,503.67,4990.23
Furniture,Home Centre,Budget Shopper,Large Malls / Complexes,2895586.61,1054,2747.24,501.41,4995.52
Furniture,Home Centre,Budget Shopper,Small Stores / Shops,3142781.68,1139,2759.25,500.93,4992.32
Furniture,Home Centre,Budget Shopper,Supermarkets ,3056245.32,1143,2673.88,504.75,4999.90
Furniture,Home Centre,Churn Risk,Large Malls / Complexes,3057075.00,1108,2759.09,502.72,4999.33
Furniture,Home Centre,Churn Risk,Small Stores / Shops,2976573.97,1068,2787.05,501.40,4999.64
Furniture,Home Centre,Churn Risk,Supermarkets ,3217753.52,1173,2743.18,502.08,4996.16
Furniture,Home Centre,Deal Seeker,Large Malls / Complexes,2771544.37,1018,2722.54,503.37,4996.96
Furniture,Home Centre,Deal Seeker,Small Stores / Shops,3232369.64,1166,2772.19,510.18,4999.30
Furniture,Home Centre,Deal Seeker,Supermarkets ,3233616.95,1185,2728.79,502.25,4998.55
Furniture,Home Centre,First-time Buyer,Large Malls / Complexes,2912094.72,1042,2794.72,500.56,4998.93
Furniture,Home Centre,First-time Buyer,Small Stores / Shops,3084278.15,1107,2786.16,502.68,4999.10
Furniture,Home Centre,First-time Buyer,Supermarkets ,3075308.36,1139,2700.01,500.58,4992.41
Furniture,Home Centre,High Value,Large Malls / Complexes,2983846.19,1084,2752.63,512.14,4998.34
Furniture,Home Centre,High Value,Small Stores / Shops,3247421.35,1159,2801.92,506.50,4999.89
Furniture,Home Centre,High Value,Supermarkets ,3026990.11,1113,2719.67,504.04,4999.68
Furniture,Home Centre,In-Store Regular,Large Malls / Complexes,2931465.35,1052,2786.56,501.98,4998.42
Furniture,Home Centre,In-Store Regular,Small Stores / Shops,3174625.02,1131,2806.92,506.27,4996.39
Furniture,Home Centre,In-Store Regular,Supermarkets ,2932497.74,1082,2710.26,503.22,4998.45
Furniture,Home Centre,Loyal Customer,Large Malls / Complexes,3032176.30,1088,2786.93,501.07,4986.42
Furniture,Home Centre,Loyal Customer,Small Stores / Shops,3227973.75,1154,2797.20,508.05,4997.86
Furniture,Home Centre,Loyal Customer,Supermarkets ,3248769.74,1175,2764.91,510.64,4997.65
Furniture,Home Centre,Occasional Shopper,Large Malls / Complexes,3066015.26,1118,2742.41,500.92,4999.60
Furniture,Home Centre,Occasional Shopper,Small Stores / Shops,3037977.95,1102,2756.79,503.09,4995.33
Furniture,Home Centre,Occasional Shopper,Supermarkets ,3263479.98,1181,2763.32,501.75,4994.28
Furniture,Home Centre,Online Shopper,Large Malls / Complexes,2841727.83,1023,2777.84,500.35,4998.52
Furniture,Home Centre,Online Shopper,Small Stores / Shops,3298702.50,1166,2829.08,511.57,4995.61
Furniture,Home Centre,Online Shopper,Supermarkets ,3282814.21,1183,2774.99,508.03,4997.78
Furniture,Home Centre,Premium Shopper,Large Malls / Complexes,2899114.46,1056,2745.37,501.66,4997.47
Furniture,Home Centre,Premium Shopper,Small Stores / Shops,3086239.19,1111,2777.89,515.69,4996.95
Furniture,Home Centre,Premium Shopper,Supermarkets ,3253600.29,1158,2809.67,500.23,4991.70
Furniture,IKEA,Budget Shopper,Large Malls / Complexes,2971441.18,1099,2703.77,507.09,4991.69
Furniture,IKEA,Budget Shopper,Small Stores / Shops,2962839.66,1092,2713.22,505.02,4997.53
Furniture,IKEA,Budget Shopper,Supermarkets ,3191104.10,1155,2762.86,503.05,4995.21
Furniture,IKEA,Churn Risk,Large Malls / Complexes,2817031.58,1031,2732.33,501.95,4995.19
Furniture,IKEA,Churn Risk,Small Stores / Shops,3053600.07,1143,2671.57,507.97,4999.21
Furniture,IKEA,Churn Risk,Supermarkets ,3291286.06,1169,2815.47,500.71,4991.43
Furniture,IKEA,Deal Seeker,Large Malls / Complexes,2783725.48,1036,2686.99,508.91,4995.57
Furniture,IKEA,Deal Seeker,Small Stores / Shops,3063592.55,1103,2777.51,502.50,4996.37
Furniture,IKEA,Deal Seeker,Supermarkets ,3143775.20,1154,2724.24,514.18,4999.12
Furniture,IKEA,First-time Buyer,Large Malls / Complexes,3093753.04,1129,2740.26,507.32,4995.04
Furniture,IKEA,First-time Buyer,Small Stores / Shops,3246875.84,1154,2813.58,507.46,4998.02
Furniture,IKEA,First-time Buyer,Supermarkets ,3307089.76,1195,2767.44,503.76,4998.36
Furniture,IKEA,High Value,Large Malls / Complexes,2704169.60,1003,2696.08,510.39,4995.87
Furniture,IKEA,High Value,Small Stores / Shops,3295884.60,1202,2742.00,502.33,4992.67
Furniture,IKEA,High Value,Supermarkets ,3095410.45,1133,2732.05,501.39,4990.19
Furniture,IKEA,In-Store Regular,Large Malls / Complexes,2934605.18,1044,2810.92,505.82,4981.62
Furniture,IKEA,In-Store Regular,Small Stores / Shops,2933775.13,1048,2799.40,500.06,4998.78
Furniture,IKEA,In-Store Regular,Supermarkets ,3200461.18,1158,2763.78,510.86,4996.77
Furniture,IKEA,Loyal Customer,Large Malls / Complexes,2817949.28,1024,2751.90,502.21,4999.69
Furniture,IKEA,Loyal Customer,Small Stores / Shops,3132055.34,1135,2759.52,501.83,4998.66
Furniture,IKEA,Loyal Customer,Supermarkets ,3487792.50,1282,2720.59,503.86,4998.56
Furniture,IKEA,Occasional Shopper,Large Malls / Complexes,2981602.98,1079,2763.30,502.30,4993.62
Furniture,IKEA,Occasional Shopper,Small Stores / Shops,2969395.99,1077,2757.10,504.36,4996.79
Furniture,IKEA,Occasional Shopper,Supermarkets ,3211958.40,1187,2705.95,501.43,4996.87
Furniture,IKEA,Online Shopper,Large Malls / Complexes,3027164.84,1065,2842.41,503.67,4997.00
Furniture,IKEA,Online Shopper,Small Stores / Shops,3209538.75,1179,2722.26,504.38,4996.82
Furniture,IKEA,Online Shopper,Supermarkets ,3059335.27,1148,2664.93,501.50,4994.05
Furniture,IKEA,Premium Shopper,Large Malls / Complexes,2855782.01,1046,2730.19,504.41,4996.34
Furniture,IKEA,Premium Shopper,Small Stores / Shops,3084052.03,1095,2816.49,520.68,4998.88
Furniture,IKEA,Premium Shopper,Supermarkets ,3310825.79,1196,2768.25,500.31,4998.49
Furniture,Pepperfry,Budget Shopper,Large Malls / Complexes,2841714.44,1025,2772.40,503.79,4995.62
Furniture,Pepperfry,Budget Shopper,Small Stores / Shops,3063873.75,1105,2772.74,506.06,4998.41
Furniture,Pepperfry,Budget Shopper,Supermarkets ,3219945.15,1179,2731.08,509.51,4998.54
Furniture,Pepperfry,Churn Risk,Large Malls / Complexes,2918862.53,1059,2756.24,501.02,4995.39
Furniture,Pepperfry,Churn Risk,Small Stores / Shops,3167352.10,1131,2800.49,504.73,4999.03
Furniture,Pepperfry,Churn Risk,Supermarkets ,3076288.43,1123,2739.35,504.90,4995.95
Furniture,Pepperfry,Deal Seeker,Large Malls / Complexes,3026342.58,1091,2773.92,500.56,4990.42
Furniture,Pepperfry,Deal Seeker,Small Stores / Shops,3209533.20,1158,2771.62,501.05,4997.80
Furniture,Pepperfry,Deal Seeker,Supermarkets ,3164174.23,1148,2756.25,503.92,4998.62
Furniture,Pepperfry,First-time Buyer,Large Malls / Complexes,2798799.44,1019,2746.61,505.06,4998.48
Furniture,Pepperfry,First-time Buyer,Small Stores / Shops,2964588.11,1081,2742.45,501.27,4995.79
Furniture,Pepperfry,First-time Buyer,Supermarkets ,3188976.34,1155,2761.02,501.84,4999.26
Furniture,Pepperfry,High Value,Large Malls / Complexes,2860414.04,1036,2761.02,502.67,4998.32
Furniture,Pepperfry,High Value,Small Stores / Shops,3172299.99,1129,2809.83,502.41,4999.47
Furniture,Pepperfry,High Value,Supermarkets ,3292550.35,1192,2762.21,506.57,4997.60
Furniture,Pepperfry,In-Store Regular,Large Malls / Complexes,2925113.07,1020,2867.76,509.15,4991.13
Furniture,Pepperfry,In-Store Regular,Small Stores / Shops,3177010.90,1138,2791.75,509.73,4993.83
Furniture,Pepperfry,In-Store Regular,Supermarkets ,2932465.18,1110,2641.86,508.01,4998.58
Furniture,Pepperfry,Loyal Customer,Large Malls / Complexes,2913178.26,1069,2725.14,501.63,4999.16
Furniture,Pepperfry,Loyal Customer,Small Stores / Shops,2902459.03,1054,2753.76,503.53,4998.96
Furniture,Pepperfry,Loyal Customer,Supermarkets ,3161671.50,1161,2723.23,506.20,4997.79
Furniture,Pepperfry,Occasional Shopper,Large Malls / Complexes,2888719.66,1072,2694.70,500.36,4998.24
Furniture,Pepperfry,Occasional Shopper,Small Stores / Shops,3044272.02,1097,2775.09,504.44,4994.16
Furniture,Pepperfry,Occasional Shopper,Supermarkets ,3321408.52,1175,2826.73,500.89,4997.66
Furniture,Pepperfry,Online Shopper,Large Malls / Complexes,2955206.74,1093,2703.76,505.20,4986.16
Furniture,Pepperfry,Online Shopper,Small Stores / Shops,3148887.66,1154,2728.67,505.16,4998.77
Furniture,Pepperfry,Online Shopper,Supermarkets ,3301633.43,1194,2765.19,507.96,4999.14
Furniture,Pepperfry,Premium Shopper,Large Malls / Complexes,2904740.67,1049,2769.06,500.59,4989.64
Furniture,Pepperfry,Premium Shopper,Small Stores / Shops,3009525.37,1100,2735.93,502.89,4997.14
Furniture,Pepperfry,Premium Shopper,Supermarkets ,3104612.80,1142,2718.58,505.62,4998.23
Furniture,Urban Ladder,Budget Shopper,Large Malls / Complexes,3048091.19,1094,2786.19,502.36,4999.11
Furniture,Urban Ladder,Budget Shopper,Small Stores / Shops,3046207.48,1104,2759.25,506.57,4997.33
Furniture,Urban Ladder,Budget Shopper,Supermarkets ,3334718.99,1193,2795.24,502.39,4996.17
Furniture,Urban Ladder,Churn Risk,Large Malls / Complexes,2987477.68,1086,2750.90,504.20,4992.27
Furniture,Urban Ladder,Churn Risk,Small Stores / Shops,2941537.12,1068,2754.25,500.70,4990.61
Furniture,Urban Ladder,Churn Risk,Supermarkets ,3296420.26,1211,2722.06,505.76,4999.22
Furniture,Urban Ladder,Deal Seeker,Large Malls / Complexes,2975988.17,1085,2742.85,502.02,4997.15
Furniture,Urban Ladder,Deal Seeker,Small Stores / Shops,3077844.45,1110,2772.83,501.28,4997.58
Furniture,Urban Ladder,Deal Seeker,Supermarkets ,3093184.98,1121,2759.31,503.66,4996.27
Furniture,Urban Ladder,First-time Buyer,Large Malls / Complexes,2933904.51,1069,2744.53,502.44,4993.18
Furniture,Urban Ladder,First-time Buyer,Small Stores / Shops,3032962.54,1068,2839.85,512.82,4996.98
Furniture,Urban Ladder,First-time Buyer,Supermarkets ,3183565.23,1150,2768.32,505.86,4999.59
Furniture,Urban Ladder,High Value,Large Malls / Complexes,3007479.95,1096,2744.05,504.24,4999.64
Furniture,Urban Ladder,High Value,Small Stores / Shops,3265303.86,1179,2769.55,501.29,4998.26
Furniture,Urban Ladder,High Value,Supermarkets ,3267745.23,1193,2739.10,504.51,4999.58
Furniture,Urban Ladder,In-Store Regular,Large Malls / Complexes,3041269.31,1092,2785.05,507.61,4990.46
Furniture,Urban Ladder,In-Store Regular,Small Stores / Shops,2839111.56,1026,2767.17,500.07,4994.21
Furniture,Urban Ladder,In-Store Regular,Supermarkets ,3206955.27,1168,2745.68,503.33,4998.82
Furniture,Urban Ladder,Loyal Customer,Large Malls / Complexes,2968900.24,1073,2766.92,500.56,4997.81
Furniture,Urban Ladder,Loyal Customer,Small Stores / Shops,3101543.61,1094,2835.05,501.69,4996.65
Furniture,Urban Ladder,Loyal Customer,Supermarkets ,3147961.30,1158,2718.45,508.18,4991.12
Furniture,Urban Ladder,Occasional Shopper,Large Malls / Complexes,2927788.84,1075,2723.52,500.98,4993.29
Furniture,Urban Ladder,Occasional Shopper,Small Stores / Shops,2857767.75,1039,2750.50,500.57,4999.31
Furniture,Urban Ladder,Occasional Shopper,Supermarkets ,3049023.59,1091,2794.71,504.91,4997.23
Furniture,Urban Ladder,Online Shopper,Large Malls / Complexes,2955381.11,1064,2777.61,509.93,4999.88
Furniture,Urban Ladder,Online Shopper,Small Stores / Shops,2922517.47,1095,2668.97,500.34,4994.85
Furniture,Urban Ladder,Online Shopper,Supermarkets ,3257966.18,1185,2749.34,502.65,4992.50
Furniture,Urban Ladder,Premium Shopper,Large Malls / Complexes,2891398.78,1067,2709.84,500.29,4986.14
Furniture,Urban Ladder,Premium Shopper,Small Stores / Shops,3014011.22,1091,2762.61,501.38,4999.14
Furniture,Urban Ladder,Premium Shopper,Supermarkets ,3134269.80,1133,2766.35,502.37,4996.26
Groceries,Amul,Budget Shopper,Large Malls / Complexes,2889443.58,1054,2741.41,505.34,4998.19
Groceries,Amul,Budget Shopper,Small Stores / Shops,3096874.19,1100,2815.34,504.65,4994.33
Groceries,Amul,Budget Shopper,Supermarkets ,3292250.39,1196,2752.72,511.33,4993.94
Groceries,Amul,Churn Risk,Large Malls / Complexes,2839612.35,1051,2701.82,510.22,4993.47
Groceries,Amul,Churn Risk,Small Stores / Shops,3042065.19,1125,2704.06,502.30,4995.02
Groceries,Amul,Churn Risk,Supermarkets ,3238067.12,1168,2772.32,506.56,4996.54
Groceries,Amul,Deal Seeker,Large Malls / Complexes,2790503.85,993,2810.18,503.17,4998.30
Groceries,Amul,Deal Seeker,Small Stores / Shops,3247859.44,1165,2787.86,514.24,4996.45
Groceries,Amul,Deal Seeker,Supermarkets ,3073740.79,1144,2686.84,501.88,4995.48
Groceries,Amul,First-time Buyer,Large Malls / Complexes,2940395.63,1057,2781.83,500.26,4997.33
Groceries,Amul,First-time Buyer,Small Stores / Shops,3032664.06,1131,2681.40,502.25,4998.98
Groceries,Amul,First-time Buyer,Supermarkets ,3131164.71,1162,2694.63,504.35,4995.56
Groceries,Amul,High Value,Large Malls / Complexes,2755165.94,1034,2664.57,500.47,4998.10
Groceries,Amul,High Value,Small Stores / Shops,3197700.58,1167,2740.10,514.94,4994.94
Groceries,Amul,High Value,Supermarkets ,3321492.77,1197,2774.85,504.05,4997.96
Groceries,Amul,In-Store Regular,Large Malls / Complexes,2948637.47,1067,2763.48,508.09,4996.36
Groceries,Amul,In-Store Regular,Small Stores / Shops,3084837.60,1125,2742.08,509.79,4985.16
Groceries,Amul,In-Store Regular,Supermarkets ,3185175.83,1164,2736.41,504.51,4996.48
Groceries,Amul,Loyal Customer,Large Malls / Complexes,2821642.30,1047,2694.98,501.41,4993.24
Groceries,Amul,Loyal Customer,Small Stores / Shops,3077123.98,1126,2732.79,501.52,4994.91
Groceries,Amul,Loyal Customer,Supermarkets ,3160671.92,1167,2708.37,500.84,4998.75
Groceries,Amul,Occasional Shopper,Large Malls / Complexes,2843438.05,1042,2728.83,510.36,4999.80
Groceries,Amul,Occasional Shopper,Small Stores / Shops,3013173.26,1109,2717.02,504.64,4998.84
Groceries,Amul,Occasional Shopper,Supermarkets ,3286604.67,1181,2782.90,503.17,4996.97
Groceries,Amul,Online Shopper,Large Malls / Complexes,3001801.46,1070,2805.42,505.59,4991.21
Groceries,Amul,Online Shopper,Small Stores / Shops,3110523.35,1143,2721.37,500.62,4994.22
Groceries,Amul,Online Shopper,Supermarkets ,3290583.41,1192,2760.56,500.74,4996.71
Groceries,Amul,Premium Shopper,Large Malls / Complexes,2688204.69,994,2704.43,502.75,4986.78
Groceries,Amul,Premium Shopper,Small Stores / Shops,3028581.72,1074,2819.91,501.25,4996.88
Groceries,Amul,Premium Shopper,Supermarkets ,3056786.94,1123,2721.98,506.29,4997.29
Groceries,Britannia,Budget Shopper,Large Malls / Complexes,2839360.95,1047,2711.90,502.18,4999.95
Groceries,Britannia,Budget Shopper,Small Stores / Shops,2958010.91,1108,2669.68,503.39,4995.11
Groceries,Britannia,Budget Shopper,Supermarkets ,3120469.20,1124,2776.22,508.29,4999.16
Groceries,Britannia,Churn Risk,Large Malls / Complexes,2808849.75,1062,2644.87,502.48,4996.21
Groceries,Britannia,Churn Risk,Small Stores / Shops,3134188.73,1130,2773.62,500.75,4996.15
Groceries,Britannia,Churn Risk,Supermarkets ,3055858.59,1105,2765.48,503.77,4991.20
Groceries,Britannia,Deal Seeker,Large Malls / Complexes,2866548.09,1049,2732.65,504.74,4994.32
Groceries,Britannia,Deal Seeker,Small Stores / Shops,2993104.38,1077,2779.11,501.28,4978.21
Groceries,Britannia,Deal Seeker,Supermarkets ,2990710.47,1123,2663.14,507.70,4991.55
Groceries,Britannia,First-time Buyer,Large Malls / Complexes,2912199.44,1043,2792.14,510.46,4997.76
Groceries,Britannia,First-time Buyer,Small Stores / Shops,3001577.45,1087,2761.34,500.94,4999.83
Groceries,Britannia,First-time Buyer,Supermarkets ,3081720.58,1118,2756.46,510.77,4997.17
Groceries,Britannia,High Value,Large Malls / Complexes,2825550.80,1040,2716.88,504.57,4998.87
Groceries,Britannia,High Value,Small Stores / Shops,3240853.44,1153,2810.80,504.09,4998.29
Groceries,Britannia,High Value,Supermarkets ,3439353.99,1259,2731.81,504.60,4994.27
Groceries,Britannia,In-Store Regular,Large Malls / Complexes,2846858.84,1036,2747.93,504.42,4999.35
Groceries,Britannia,In-Store Regular,Small Stores / Shops,3066038.96,1127,2720.53,514.06,4994.43
Groceries,Britannia,In-Store Regular,Supermarkets ,3256662.13,1194,2727.52,504.64,4995.93
Groceries,Britannia,Loyal Customer,Large Malls / Complexes,2774262.89,1004,2763.21,503.85,4999.40
Groceries,Britannia,Loyal Customer,Small Stores / Shops,2928643.35,1064,2752.48,503.24,4994.82
Groceries,Britannia,Loyal Customer,Supermarkets ,3357081.62,1181,2842.58,505.29,4995.73
Groceries,Britannia,Occasional Shopper,Large Malls / Complexes,2637981.79,979,2694.57,509.45,4999.21
Groceries,Britannia,Occasional Shopper,Small Stores / Shops,3150627.51,1123,2805.55,500.43,4996.56
Groceries,Britannia,Occasional Shopper,Supermarkets ,3180916.71,1175,2707.16,500.56,4981.10
Groceries,Britannia,Online Shopper,Large Malls / Complexes,2733243.49,990,2760.85,505.12,4996.20
Groceries,Britannia,Online Shopper,Small Stores / Shops,3182000.83,1154,2757.37,500.65,4997.84
Groceries,Britannia,Online Shopper,Supermarkets ,3122373.28,1157,2698.68,503.33,4993.28
Groceries,Britannia,Premium Shopper,Large Malls / Complexes,2902716.61,1049,2767.13,500.98,4998.94
Groceries,Britannia,Premium Shopper,Small Stores / Shops,2981219.95,1115,2673.74,500.31,4996.87
Groceries,Britannia,Premium Shopper,Supermarkets ,2996409.99,1113,2692.19,518.95,4992.34
Groceries,Kellogg's,Budget Shopper,Large Malls / Complexes,2902478.28,1055,2751.16,500.73,4994.74
Groceries,Kellogg's,Budget Shopper,Small Stores / Shops,3143718.81,1144,2748.01,500.68,4998.35
Groceries,Kellogg's,Budget Shopper,Supermarkets ,3084385.44,1101,2801.44,508.08,4993.66
Groceries,Kellogg's,Churn Risk,Large Malls / Complexes,3170503.29,1156,2742.65,501.42,4998.93
Groceries,Kellogg's,Churn Risk,Small Stores / Shops,3109307.75,1126,2761.37,503.77,4998.35
Groceries,Kellogg's,Churn Risk,Supermarkets ,3068351.81,1115,2751.89,507.64,4999.85
Groceries,Kellogg's,Deal Seeker,Large Malls / Complexes,3065738.84,1077,2846.55,501.79,4991.67
Groceries,Kellogg's,Deal Seeker,Small Stores / Shops,3098462.84,1136,2727.52,507.78,4999.80
Groceries,Kellogg's,Deal Seeker,Supermarkets ,3165516.22,1154,2743.08,504.50,4995.22
Groceries,Kellogg's,First-time Buyer,Large Malls / Complexes,2925753.41,1077,2716.58,507.89,4999.20
Groceries,Kellogg's,First-time Buyer,Small Stores / Shops,3013388.25,1074,2805.76,500.64,4983.65
Groceries,Kellogg's,First-time Buyer,Supermarkets ,3287508.46,1185,2774.27,505.75,4997.39
Groceries,Kellogg's,High Value,Large Malls / Complexes,2818102.44,1038,2714.93,500.54,4998.78
Groceries,Kellogg's,High Value,Small Stores / Shops,3161303.86,1156,2734.69,500.95,4991.82
Groceries,Kellogg's,High Value,Supermarkets ,3220456.17,1155,2788.27,503.26,4994.94
Groceries,Kellogg's,In-Store Regular,Large Malls / Complexes,2916183.81,1027,2839.52,509.54,4997.53
Groceries,Kellogg's,In-Store Regular,Small Stores / Shops,3005076.79,1075,2795.42,511.78,4995.38
Groceries,Kellogg's,In-Store Regular,Supermarkets ,3206161.19,1174,2730.97,500.16,4999.70
Groceries,Kellogg's,Loyal Customer,Large Malls / Complexes,2818191.88,1024,2752.14,515.99,4999.96
Groceries,Kellogg's,Loyal Customer,Small Stores / Shops,3190667.49,1164,2741.12,500.37,4999.89
Groceries,Kellogg's,Loyal Customer,Supermarkets ,2975158.10,1076,2765.02,505.38,4999.73
Groceries,Kellogg's,Occasional Shopper,Large Malls / Complexes,2864197.82,1052,2722.62,511.66,4995.35
Groceries,Kellogg's,Occasional Shopper,Small Stores / Shops,3004559.70,1109,2709.25,502.08,4992.71
Groceries,Kellogg's,Occasional Shopper,Supermarkets ,3045360.38,1114,2733.72,505.05,4996.77
Groceries,Kellogg's,Online Shopper,Large Malls / Complexes,2880091.29,1049,2745.56,509.93,4990.17
Groceries,Kellogg's,Online Shopper,Small Stores / Shops,3062118.75,1103,2776.17,505.76,4999.26
Groceries,Kellogg's,Online Shopper,Supermarkets ,3101725.38,1135,2732.80,500.12,4999.82
Groceries,Kellogg's,Premium Shopper,Large Malls / Complexes,2942117.88,1071,2747.08,508.82,4999.86
Groceries,Kellogg's,Premium Shopper,Small Stores / Shops,3052366.32,1122,2720.47,500.73,4990.81
Groceries,Kellogg's,Premium Shopper,Supermarkets ,3252123.54,1179,2758.37,500.98,4996.69
Groceries,Nestle,Budget Shopper,Large Malls / Complexes,2742285.74,1001,2739.55,511.89,4999.39
Groceries,Nestle,Budget Shopper,Small Stores / Shops,3101004.65,1130,2744.25,503.57,4985.68
Groceries,Nestle,Budget Shopper,Supermarkets ,3077082.20,1120,2747.39,501.93,4997.60
Groceries,Nestle,Churn Risk,Large Malls / Complexes,2719990.74,1001,2717.27,502.79,4998.26
Groceries,Nestle,Churn Risk,Small Stores / Shops,3017950.66,1109,2721.33,505.92,4990.79
Groceries,Nestle,Churn Risk,Supermarkets ,3253049.89,1158,2809.20,502.13,4998.94
Groceries,Nestle,Deal Seeker,Large Malls / Complexes,2971654.78,1073,2769.48,502.46,4992.96
Groceries,Nestle,Deal Seeker,Small Stores / Shops,3125308.13,1115,2802.97,500.60,4999.70
Groceries,Nestle,Deal Seeker,Supermarkets ,3325716.76,1215,2737.22,507.76,4999.88
Groceries,Nestle,First-time Buyer,Large Malls / Complexes,2880990.54,1053,2735.98,513.29,4998.49
Groceries,Nestle,First-time Buyer,Small Stores / Shops,3011294.15,1097,2745.03,502.53,4996.36
Groceries,Nestle,First-time Buyer,Supermarkets ,3002360.58,1132,2652.26,501.65,4999.88
Groceries,Nestle,High Value,Large Malls / Complexes,2861414.73,1037,2759.32,501.31,4992.79
Groceries,Nestle,High Value,Small Stores / Shops,3009688.85,1110,2711.43,501.12,4996.03
Groceries,Nestle,High Value,Supermarkets ,3140997.97,1161,2705.42,502.46,4992.95
Groceries,Nestle,In-Store Regular,Large Malls / Complexes,2779141.81,1009,2754.35,500.36,4999.92
Groceries,Nestle,In-Store Regular,Small Stores / Shops,3252502.51,1157,2811.15,508.03,4998.37
Groceries,Nestle,In-Store Regular,Supermarkets ,3125204.05,1138,2746.22,500.03,4997.93
Groceries,Nestle,Loyal Customer,Large Malls / Complexes,2861707.22,1025,2791.91,507.54,4997.31
Groceries,Nestle,Loyal Customer,Small Stores / Shops,3046737.31,1091,2792.61,504.24,4994.58
Groceries,Nestle,Loyal Customer,Supermarkets ,3437741.58,1220,2817.82,509.01,4995.79
Groceries,Nestle,Occasional Shopper,Large Malls / Complexes,2738513.58,999,2741.25,502.78,4997.95
Groceries,Nestle,Occasional Shopper,Small Stores / Shops,3178997.59,1140,2788.59,501.97,4990.05
Groceries,Nestle,Occasional Shopper,Supermarkets ,3315895.26,1212,2735.89,504.45,4998.22
Groceries,Nestle,Online Shopper,Large Malls / Complexes,2825534.42,1045,2703.86,501.06,4999.06
Groceries,Nestle,Online Shopper,Small Stores / Shops,3117936.79,1133,2751.93,503.73,4996.14
Groceries,Nestle,Online Shopper,Supermarkets ,3154703.82,1151,2740.84,502.24,4997.93
Groceries,Nestle,Premium Shopper,Large Malls / Complexes,2874690.39,1038,2769.45,508.76,4996.99
Groceries,Nestle,Premium Shopper,Small Stores / Shops,3036208.07,1099,2762.70,501.53,4998.48
Groceries,Nestle,Premium Shopper,Supermarkets ,3189674.91,1158,2754.47,502.43,4988.77
Groceries,Tata,Budget Shopper,Large Malls / Complexes,2936360.57,1054,2785.92,506.85,4999.97
Groceries,Tata,Budget Shopper,Small Stores / Shops,2981452.66,1114,2676.35,505.58,4998.44
Groceries,Tata,Budget Shopper,Supermarkets ,3050769.46,1121,2721.47,509.07,4996.14
Groceries,Tata,Churn Risk,Large Malls / Complexes,2813979.95,1029,2734.67,505.15,4999.13
Groceries,Tata,Churn Risk,Small Stores / Shops,3110261.53,1113,2794.48,500.47,4986.73
Groceries,Tata,Churn Risk,Supermarkets ,3178016.75,1151,2761.09,504.09,4993.94
Groceries,Tata,Deal Seeker,Large Malls / Complexes,2901237.05,1036,2800.42,507.01,4994.79
Groceries,Tata,Deal Seeker,Small Stores / Shops,3306262.05,1203,2748.35,504.62,4993.52
Groceries,Tata,Deal Seeker,Supermarkets ,3309647.34,1183,2797.67,500.33,4992.62
Groceries,Tata,First-time Buyer,Large Malls / Complexes,2978307.42,1067,2791.29,501.87,4999.90
Groceries,Tata,First-time Buyer,Small Stores / Shops,3171543.97,1133,2799.24,500.01,4998.73
Groceries,Tata,First-time Buyer,Supermarkets ,3194398.57,1164,2744.33,513.21,4998.75
Groceries,Tata,High Value,Large Malls / Complexes,2976097.46,1064,2797.08,509.58,4998.78
Groceries,Tata,High Value,Small Stores / Shops,3176693.93,1172,2710.49,500.83,4998.45
Groceries,Tata,High Value,Supermarkets ,3105288.28,1120,2772.58,504.96,4999.34
Groceries,Tata,In-Store Regular,Large Malls / Complexes,2864873.12,1052,2723.26,505.51,4997.81
Groceries,Tata,In-Store Regular,Small Stores / Shops,3113181.69,1145,2718.94,505.89,4989.67
Groceries,Tata,In-Store Regular,Supermarkets ,3034163.95,1122,2704.25,502.61,4990.49
Groceries,Tata,Loyal Customer,Large Malls / Complexes,2916140.49,1051,2774.63,500.32,4996.49
Groceries,Tata,Loyal Customer,Small Stores / Shops,3116796.98,1113,2800.36,502.27,4996.71
Groceries,Tata,Loyal Customer,Supermarkets ,3199029.47,1148,2786.61,504.05,4991.22
Groceries,Tata,Occasional Shopper,Large Malls / Complexes,3007490.32,1084,2774.44,504.91,4999.06
Groceries,Tata,Occasional Shopper,Small Stores / Shops,2985538.45,1109,2692.10,500.91,4997.51
Groceries,Tata,Occasional Shopper,Supermarkets ,3280170.67,1199,2735.76,522.43,4989.23
Groceries,Tata,Online Shopper,Large Malls / Complexes,2926851.05,1037,2822.42,501.39,4999.83
Groceries,Tata,Online Shopper,Small Stores / Shops,3098926.50,1121,2764.43,501.36,4995.88
Groceries,Tata,Online Shopper,Supermarkets ,3212331.33,1159,2771.64,505.64,4992.47
Groceries,Tata,Premium Shopper,Large Malls / Complexes,2969700.07,1070,2775.42,503.77,4998.79
Groceries,Tata,Premium Shopper,Small Stores / Shops,3048286.00,1129,2699.99,505.15,4999.35
Groceries,Tata,Premium Shopper,Supermarkets ,3052147.68,1117,2732.45,500.97,4995.65
Home Appliances,Bosch,Budget Shopper,Large Malls / Complexes,2973059.85,1068,2783.76,500.71,4998.98
Home Appliances,Bosch,Budget Shopper,Small Stores / Shops,3155499.47,1152,2739.15,500.98,4998.56
Home Appliances,Bosch,Budget Shopper,Supermarkets ,3249488.38,1172,2772.60,500.10,4999.80
Home Appliances,Bosch,Churn Risk,Large Malls / Complexes,2878111.61,1064,2704.99,505.59,4992.97
Home Appliances,Bosch,Churn Risk,Small Stores / Shops,3071823.54,1102,2787.50,502.07,4995.95
Home Appliances,Bosch,Churn Risk,Supermarkets ,3240710.90,1161,2791.31,513.89,4975.88
Home Appliances,Bosch,Deal Seeker,Large Malls / Complexes,2851931.84,1073,2657.90,500.80,4999.30
Home Appliances,Bosch,Deal Seeker,Small Stores / Shops,2962868.78,1098,2698.42,502.22,4997.54
Home Appliances,Bosch,Deal Seeker,Supermarkets ,3236330.49,1188,2724.18,501.45,4998.61
Home Appliances,Bosch,First-time Buyer,Large Malls / Complexes,2877199.56,1047,2748.04,502.14,4998.36
Home Appliances,Bosch,First-time Buyer,Small Stores / Shops,2903866.50,1081,2686.28,503.20,4986.75
Home Appliances,Bosch,First-time Buyer,Supermarkets ,3257468.30,1186,2746.60,507.03,4994.66
Home Appliances,Bosch,High Value,Large Malls / Complexes,2891605.93,1057,2735.67,501.99,4989.69
Home Appliances,Bosch,High Value,Small Stores / Shops,2961836.79,1090,2717.28,504.30,4997.76
Home Appliances,Bosch,High Value,Supermarkets ,2981873.03,1114,2676.73,500.13,4997.47
Home Appliances,Bosch,In-Store Regular,Large Malls / Complexes,2765288.42,1004,2754.27,503.66,4998.96
Home Appliances,Bosch,In-Store Regular,Small Stores / Shops,3048157.05,1113,2738.69,506.06,4994.91
Home Appliances,Bosch,In-Store Regular,Supermarkets ,3191371.23,1177,2711.45,501.78,4992.03
Home Appliances,Bosch,Loyal Customer,Large Malls / Complexes,2562355.09,980,2614.65,504.89,4998.58
Home Appliances,Bosch,Loyal Customer,Small Stores / Shops,2975054.77,1091,2726.91,504.44,4995.11
Home Appliances,Bosch,Loyal Customer,Supermarkets ,3145560.86,1142,2754.43,502.78,4999.32
Home Appliances,Bosch,Occasional Shopper,Large Malls / Complexes,2982978.55,1085,2749.29,505.55,4998.02
Home Appliances,Bosch,Occasional Shopper,Small Stores / Shops,3097162.38,1127,2748.15,502.76,4986.82
Home Appliances,Bosch,Occasional Shopper,Supermarkets ,2975283.45,1104,2695.00,500.65,4995.57
Home Appliances,Bosch,Online Shopper,Large Malls / Complexes,2979847.23,1093,2726.30,503.05,4996.64
Home Appliances,Bosch,Online Shopper,Small Stores / Shops,3078386.66,1150,2676.86,504.93,4991.17
Home Appliances,Bosch,Online Shopper,Supermarkets ,3381650.23,1239,2729.34,501.02,4991.75
Home Appliances,Bosch,Premium Shopper,Large Malls / Complexes,2784864.48,1021,2727.59,501.60,4999.74
Home Appliances,Bosch,Premium Shopper,Small Stores / Shops,2940337.26,1074,2737.74,506.17,4998.02
Home Appliances,Bosch,Premium Shopper,Supermarkets ,3212516.66,1173,2738.72,503.29,4994.98
Home Appliances,Haier,Budget Shopper,Large Malls / Complexes,2824719.00,1031,2739.79,504.57,4997.58
Home Appliances,Haier,Budget Shopper,Small Stores / Shops,3172006.91,1154,2748.71,500.92,4993.37
Home Appliances,Haier,Budget Shopper,Supermarkets ,3072837.46,1104,2783.37,509.77,4998.49
Home Appliances,Haier,Churn Risk,Large Malls / Complexes,2853256.61,1027,2778.24,500.36,4991.85
Home Appliances,Haier,Churn Risk,Small Stores / Shops,3128648.32,1141,2742.02,500.57,4998.05
Home Appliances,Haier,Churn Risk,Supermarkets ,3169424.36,1164,2722.87,500.39,4998.82
Home Appliances,Haier,Deal Seeker,Large Malls / Complexes,2806372.25,1046,2682.96,503.14,4996.75
Home Appliances,Haier,Deal Seeker,Small Stores / Shops,2999191.59,1104,2716.66,500.05,4985.81
Home Appliances,Haier,Deal Seeker,Supermarkets ,3401552.57,1245,2732.17,510.03,4999.84
Home Appliances,Haier,First-time Buyer,Large Malls / Complexes,2852836.97,1032,2764.38,508.15,4997.95
Home Appliances,Haier,First-time Buyer,Small Stores / Shops,3139326.96,1113,2820.60,501.03,4996.58
Home Appliances,Haier,First-time Buyer,Supermarkets ,3075180.93,1133,2714.19,500.00,4996.89
Home Appliances,Haier,High Value,Large Malls / Complexes,2994924.22,1078,2778.22,500.33,4995.52
Home Appliances,Haier,High Value,Small Stores / Shops,3110580.51,1179,2638.32,504.75,4997.95
Home Appliances,Haier,High Value,Supermarkets ,3091097.12,1133,2728.24,501.47,4993.02
Home Appliances,Haier,In-Store Regular,Large Malls / Complexes,2893121.31,1036,2792.59,501.45,4994.72
Home Appliances,Haier,In-Store Regular,Small Stores / Shops,2936739.84,1095,2681.95,502.48,4999.06
Home Appliances,Haier,In-Store Regular,Supermarkets ,3295963.74,1157,2848.72,509.50,4989.10
Home Appliances,Haier,Loyal Customer,Large Malls / Complexes,3042861.17,1089,2794.18,500.27,4998.01
Home Appliances,Haier,Loyal Customer,Small Stores / Shops,3124975.69,1145,2729.24,503.37,4993.77
Home Appliances,Haier,Loyal Customer,Supermarkets ,3123499.19,1131,2761.71,510.98,4999.91
Home Appliances,Haier,Occasional Shopper,Large Malls / Complexes,2710851.35,997,2719.01,518.36,4992.76
Home Appliances,Haier,Occasional Shopper,Small Stores / Shops,3286624.20,1199,2741.14,500.66,4992.55
Home Appliances,Haier,Occasional Shopper,Supermarkets ,3273650.97,1189,2753.28,500.69,4994.82
Home Appliances,Haier,Online Shopper,Large Malls / Complexes,2975392.87,1082,2749.90,501.55,4996.85
Home Appliances,Haier,Online Shopper,Small Stores / Shops,3147092.96,1162,2708.34,506.15,4990.20
Home Appliances,Haier,Online Shopper,Supermarkets ,3174243.72,1162,2731.71,503.46,4986.96
Home Appliances,Haier,Premium Shopper,Large Malls / Complexes,2850564.48,1037,2748.86,502.30,4998.92
Home Appliances,Haier,Premium Shopper,Small Stores / Shops,3040087.19,1086,2799.34,505.85,4995.04
Home Appliances,Haier,Premium Shopper,Supermarkets ,3151534.84,1165,2705.18,501.43,4998.06
Home Appliances,LG,Budget Shopper,Large Malls / Complexes,2762349.10,1021,2705.53,504.58,4989.85
Home Appliances,LG,Budget Shopper,Small Stores / Shops,2989145.35,1070,2793.59,507.00,4998.29
Home Appliances,LG,Budget Shopper,Supermarkets ,3277073.36,1185,2765.46,500.72,4999.25
Home Appliances,LG,Churn Risk,Large Malls / Complexes,2998794.89,1087,2758.78,509.35,4991.35
Home Appliances,LG,Churn Risk,Small Stores / Shops,3053710.24,1108,2756.06,502.35,4999.15
Home Appliances,LG,Churn Risk,Supermarkets ,3113699.26,1103,2822.94,509.77,4991.63
Home Appliances,LG,Deal Seeker,Large Malls / Complexes,3006939.78,1067,2818.13,500.92,4998.16
Home Appliances,LG,Deal Seeker,Small Stores / Shops,3088628.58,1131,2730.88,502.50,4998.54
Home Appliances,LG,Deal Seeker,Supermarkets ,3282398.70,1187,2765.29,503.07,4996.88
Home Appliances,LG,First-time Buyer,Large Malls / Complexes,3101066.05,1099,2821.72,502.44,4999.75
Home Appliances,LG,First-time Buyer,Small Stores / Shops,3132307.53,1147,2730.87,500.98,4988.31
Home Appliances,LG,First-time Buyer,Supermarkets ,3077075.71,1091,2820.42,506.25,4985.90
Home Appliances,LG,High Value,Large Malls / Complexes,3065824.39,1106,2771.99,503.14,4999.91
Home Appliances,LG,High Value,Small Stores / Shops,3044764.62,1133,2687.35,502.77,4998.30
Home Appliances,LG,High Value,Supermarkets ,3192430.63,1164,2742.64,504.80,4989.22
Home Appliances,LG,In-Store Regular,Large Malls / Complexes,2801368.36,1030,2719.78,500.93,4998.42
Home Appliances,LG,In-Store Regular,Small Stores / Shops,3042605.60,1113,2733.70,503.24,4998.01
Home Appliances,LG,In-Store Regular,Supermarkets ,3035562.01,1110,2734.74,503.59,4997.96
Home Appliances,LG,Loyal Customer,Large Malls / Complexes,2831306.82,1046,2706.79,501.49,4994.58
Home Appliances,LG,Loyal Customer,Small Stores / Shops,3225467.45,1176,2742.74,502.80,4995.91
Home Appliances,LG,Loyal Customer,Supermarkets ,3257797.51,1182,2756.17,501.38,4999.43
Home Appliances,LG,Occasional Shopper,Large Malls / Complexes,3013052.44,1096,2749.14,500.28,4998.03
Home Appliances,LG,Occasional Shopper,Small Stores / Shops,2886546.75,1066,2707.83,502.61,4995.52
Home Appliances,LG,Occasional Shopper,Supermarkets ,2890519.93,1087,2659.17,505.89,4997.34
Home Appliances,LG,Online Shopper,Large Malls / Complexes,3056626.45,1136,2690.69,502.70,4999.46
Home Appliances,LG,Online Shopper,Small Stores / Shops,3015596.77,1115,2704.57,520.44,4997.61
Home Appliances,LG,Online Shopper,Supermarkets ,3164050.62,1151,2748.96,500.36,4998.62
Home Appliances,LG,Premium Shopper,Large Malls / Complexes,3077497.48,1095,2810.50,511.35,4995.22
Home Appliances,LG,Premium Shopper,Small Stores / Shops,3144398.28,1137,2765.52,502.79,4990.80
Home Appliances,LG,Premium Shopper,Supermarkets ,3113890.37,1137,2738.69,511.50,4994.29
Home Appliances,Samsung,Budget Shopper,Large Malls / Complexes,2810291.90,1036,2712.64,504.79,4999.90
Home Appliances,Samsung,Budget Shopper,Small Stores / Shops,2892725.55,1086,2663.65,504.80,4998.71
Home Appliances,Samsung,Budget Shopper,Supermarkets ,3098305.46,1138,2722.59,500.78,4999.66
Home Appliances,Samsung,Churn Risk,Large Malls / Complexes,2895810.92,1044,2773.77,503.96,4999.41
Home Appliances,Samsung,Churn Risk,Small Stores / Shops,3114456.44,1132,2751.29,500.21,4995.60
Home Appliances,Samsung,Churn Risk,Supermarkets ,3277068.33,1182,2772.48,502.11,4985.49
Home Appliances,Samsung,Deal Seeker,Large Malls / Complexes,2997038.55,1099,2727.06,500.13,4996.68
Home Appliances,Samsung,Deal Seeker,Small Stores / Shops,3161323.98,1137,2780.41,509.87,4987.17
Home Appliances,Samsung,Deal Seeker,Supermarkets ,3084547.15,1119,2756.52,500.36,4998.67
Home Appliances,Samsung,First-time Buyer,Large Malls / Complexes,2835795.40,1043,2718.88,508.07,4999.73
Home Appliances,Samsung,First-time Buyer,Small Stores / Shops,3098807.86,1130,2742.31,500.15,4999.45
Home Appliances,Samsung,First-time Buyer,Supermarkets ,3080240.54,1136,2711.48,503.95,4978.20
Home Appliances,Samsung,High Value,Large Malls / Complexes,2878223.40,1067,2697.49,510.49,4999.37
Home Appliances,Samsung,High Value,Small Stores / Shops,3164315.72,1178,2686.18,502.76,4999.98
Home Appliances,Samsung,High Value,Supermarkets ,3054230.85,1119,2729.43,504.82,4991.58
Home Appliances,Samsung,In-Store Regular,Large Malls / Complexes,2984073.14,1073,2781.06,505.94,4997.84
Home Appliances,Samsung,In-Store Regular,Small Stores / Shops,3121116.90,1158,2695.27,504.11,4990.81
Home Appliances,Samsung,In-Store Regular,Supermarkets ,3010826.63,1083,2780.08,503.09,4999.21
Home Appliances,Samsung,Loyal Customer,Large Malls / Complexes,2945462.06,1067,2760.51,500.90,4998.26
Home Appliances,Samsung,Loyal Customer,Small Stores / Shops,3049409.78,1105,2759.65,500.17,4999.22
Home Appliances,Samsung,Loyal Customer,Supermarkets ,3279511.86,1154,2841.86,500.68,4997.26
Home Appliances,Samsung,Occasional Shopper,Large Malls / Complexes,3143682.68,1130,2782.02,505.77,4995.39
Home Appliances,Samsung,Occasional Shopper,Small Stores / Shops,3159296.92,1132,2790.90,500.09,4997.28
Home Appliances,Samsung,Occasional Shopper,Supermarkets ,3292447.66,1204,2734.59,510.14,4996.60
Home Appliances,Samsung,Online Shopper,Large Malls / Complexes,3049548.98,1087,2805.47,503.07,4999.94
Home Appliances,Samsung,Online Shopper,Small Stores / Shops,3147328.62,1146,2746.36,503.09,4999.87
Home Appliances,Samsung,Online Shopper,Supermarkets ,3236098.31,1165,2777.77,505.92,4988.82
Home Appliances,Samsung,Premium Shopper,Large Malls / Complexes,2950062.82,1054,2798.92,508.20,4994.73
Home Appliances,Samsung,Premium Shopper,Small Stores / Shops,2949026.15,1070,2756.10,501.06,4996.29
Home Appliances,Samsung,Premium Shopper,Supermarkets ,3174018.31,1154,2750.45,504.47,4997.66
Home Appliances,Whirlpool,Budget Shopper,Large Malls / Complexes,2886283.58,1051,2746.23,500.61,4999.74
Home Appliances,Whirlpool,Budget Shopper,Small Stores / Shops,3085572.26,1120,2754.98,510.66,4999.78
Home Appliances,Whirlpool,Budget Shopper,Supermarkets ,3209866.77,1172,2738.79,501.38,4999.93
Home Appliances,Whirlpool,Churn Risk,Large Malls / Complexes,2895602.79,1057,2739.45,505.17,4985.00
Home Appliances,Whirlpool,Churn Risk,Small Stores / Shops,3173522.83,1130,2808.43,501.49,4998.46
Home Appliances,Whirlpool,Churn Risk,Supermarkets ,2893344.20,1067,2711.66,508.23,4999.29
Home Appliances,Whirlpool,Deal Seeker,Large Malls / Complexes,2951167.91,1084,2722.48,501.18,4998.83
Home Appliances,Whirlpool,Deal Seeker,Small Stores / Shops,3055706.21,1121,2725.88,505.82,4998.50
Home Appliances,Whirlpool,Deal Seeker,Supermarkets ,3338365.71,1190,2805.35,501.35,4999.38
Home Appliances,Whirlpool,First-time Buyer,Large Malls / Complexes,2902728.32,1052,2759.25,516.98,4997.98
Home Appliances,Whirlpool,First-time Buyer,Small Stores / Shops,2993191.91,1106,2706.32,502.03,4996.10
Home Appliances,Whirlpool,First-time Buyer,Supermarkets ,3059961.21,1113,2749.29,502.66,4992.88
Home Appliances,Whirlpool,High Value,Large Malls / Complexes,2780062.38,1024,2714.90,517.05,4991.51
Home Appliances,Whirlpool,High Value,Small Stores / Shops,3138635.37,1153,2722.15,500.21,4999.73
Home Appliances,Whirlpool,High Value,Supermarkets ,3274192.23,1181,2772.39,501.53,4998.56
Home Appliances,Whirlpool,In-Store Regular,Large Malls / Complexes,2976504.93,1095,2718.27,502.82,4995.63
Home Appliances,Whirlpool,In-Store Regular,Small Stores / Shops,3188740.21,1175,2713.82,502.61,4985.89
Home Appliances,Whirlpool,In-Store Regular,Supermarkets ,3221631.63,1187,2714.10,506.56,4997.74
Home Appliances,Whirlpool,Loyal Customer,Large Malls / Complexes,2895422.01,1046,2768.09,504.46,4990.13
Home Appliances,Whirlpool,Loyal Customer,Small Stores / Shops,3000210.39,1121,2676.37,502.22,4997.51
Home Appliances,Whirlpool,Loyal Customer,Supermarkets ,3318340.80,1201,2762.98,502.35,4999.75
Home Appliances,Whirlpool,Occasional Shopper,Large Malls / Complexes,3085155.14,1121,2752.15,504.46,4998.47
Home Appliances,Whirlpool,Occasional Shopper,Small Stores / Shops,3215648.70,1154,2786.52,500.44,4997.90
Home Appliances,Whirlpool,Occasional Shopper,Supermarkets ,3147163.25,1144,2751.02,510.70,4999.48
Home Appliances,Whirlpool,Online Shopper,Large Malls / Complexes,3023256.49,1104,2738.46,526.07,4994.29
Home Appliances,Whirlpool,Online Shopper,Small Stores / Shops,3106263.13,1106,2808.56,504.40,4995.37
Home Appliances,Whirlpool,Online Shopper,Supermarkets ,3227378.69,1158,2787.03,511.13,4989.56
Home Appliances,Whirlpool,Premium Shopper,Large Malls / Complexes,2942000.91,1061,2772.86,504.31,4997.57
Home Appliances,Whirlpool,Premium Shopper,Small Stores / Shops,2943166.55,1076,2735.28,505.09,4991.62
Home Appliances,Whirlpool,Premium Shopper,Supermarkets ,3040551.73,1113,2731.85,501.55,4995.53
Sports & Outdoors,Adidas,Budget Shopper,Large Malls / Complexes,2826187.71,1009,2800.98,500.43,4994.32
Sports & Outdoors,Adidas,Budget Shopper,Small Stores / Shops,3101431.25,1108,2799.13,507.80,4995.24
Sports & Outdoors,Adidas,Budget Shopper,Supermarkets ,3219747.83,1168,2756.63,501.61,4995.87
Sports & Outdoors,Adidas,Churn Risk,Large Malls / Complexes,2976433.06,1047,2842.82,508.67,4997.18
Sports & Outdoors,Adidas,Churn Risk,Small Stores / Shops,2982875.02,1129,2642.05,500.73,4998.38
Sports & Outdoors,Adidas,Churn Risk,Supermarkets ,3030151.87,1106,2739.74,506.36,4998.56
Sports & Outdoors,Adidas,Deal Seeker,Large Malls / Complexes,3062005.70,1099,2786.17,503.10,4998.10
Sports & Outdoors,Adidas,Deal Seeker,Small Stores / Shops,3125197.72,1138,2746.22,503.20,4984.55
Sports & Outdoors,Adidas,Deal Seeker,Supermarkets ,3191821.19,1127,2832.14,504.25,4992.13
Sports & Outdoors,Adidas,First-time Buyer,Large Malls / Complexes,2941106.55,1077,2730.83,503.01,4993.88
Sports & Outdoors,Adidas,First-time Buyer,Small Stores / Shops,3049863.16,1117,2730.41,505.89,4997.05
Sports & Outdoors,Adidas,First-time Buyer,Supermarkets ,3196426.31,1137,2811.28,501.90,4993.86
Sports & Outdoors,Adidas,High Value,Large Malls / Complexes,2960431.30,1090,2715.99,502.34,4990.08
Sports & Outdoors,Adidas,High Value,Small Stores / Shops,3177300.48,1171,2713.32,502.35,4999.78
Sports & Outdoors,Adidas,High Value,Supermarkets ,3011852.59,1089,2765.70,501.48,4996.37
Sports & Outdoors,Adidas,In-Store Regular,Large Malls / Complexes,2988284.19,1082,2761.82,507.11,4998.24
Sports & Outdoors,Adidas,In-Store Regular,Small Stores / Shops,2962979.09,1066,2779.53,506.04,4992.09
Sports & Outdoors,Adidas,In-Store Regular,Supermarkets ,3076178.02,1098,2801.62,500.45,4999.33
Sports & Outdoors,Adidas,Loyal Customer,Large Malls / Complexes,3042614.01,1102,2760.99,503.34,4996.96
Sports & Outdoors,Adidas,Loyal Customer,Small Stores / Shops,3288808.58,1162,2830.30,501.65,4998.00
Sports & Outdoors,Adidas,Loyal Customer,Supermarkets ,3189742.10,1163,2742.68,501.61,4998.83
Sports & Outdoors,Adidas,Occasional Shopper,Large Malls / Complexes,3124672.29,1107,2822.65,501.08,4994.22
Sports & Outdoors,Adidas,Occasional Shopper,Small Stores / Shops,3225578.35,1137,2836.92,502.59,4999.05
Sports & Outdoors,Adidas,Occasional Shopper,Supermarkets ,3258128.85,1182,2756.45,500.33,4995.70
Sports & Outdoors,Adidas,Online Shopper,Large Malls / Complexes,2946377.83,1078,2733.19,500.23,4993.50
Sports & Outdoors,Adidas,Online Shopper,Small Stores / Shops,2964404.14,1078,2749.91,509.05,4984.10
Sports & Outdoors,Adidas,Online Shopper,Supermarkets ,3123564.73,1159,2695.05,500.89,4997.59
Sports & Outdoors,Adidas,Premium Shopper,Large Malls / Complexes,2873558.75,1047,2744.56,509.31,4995.60
Sports & Outdoors,Adidas,Premium Shopper,Small Stores / Shops,3011652.01,1109,2715.65,507.17,4993.50
Sports & Outdoors,Adidas,Premium Shopper,Supermarkets ,3098606.09,1135,2730.05,502.53,4998.07
Sports & Outdoors,Decathlon,Budget Shopper,Large Malls / Complexes,2905482.89,1057,2748.80,500.42,4995.72
Sports & Outdoors,Decathlon,Budget Shopper,Small Stores / Shops,2982495.79,1113,2679.69,500.51,4990.77
Sports & Outdoors,Decathlon,Budget Shopper,Supermarkets ,3211470.51,1176,2730.84,500.42,4995.51
Sports & Outdoors,Decathlon,Churn Risk,Large Malls / Complexes,2889497.04,1027,2813.53,500.56,4995.47
Sports & Outdoors,Decathlon,Churn Risk,Small Stores / Shops,3138603.23,1133,2770.17,503.63,4997.07
Sports & Outdoors,Decathlon,Churn Risk,Supermarkets ,3200191.27,1166,2744.59,504.21,4992.77
Sports & Outdoors,Decathlon,Deal Seeker,Large Malls / Complexes,2814743.58,1040,2706.48,501.01,4995.74
Sports & Outdoors,Decathlon,Deal Seeker,Small Stores / Shops,3081608.82,1126,2736.78,502.58,4991.22
Sports & Outdoors,Decathlon,Deal Seeker,Supermarkets ,3015282.20,1104,2731.23,500.46,4999.49
Sports & Outdoors,Decathlon,First-time Buyer,Large Malls / Complexes,2746086.53,1007,2727.00,501.68,4997.18
Sports & Outdoors,Decathlon,First-time Buyer,Small Stores / Shops,3059418.37,1103,2773.72,502.80,4999.25
Sports & Outdoors,Decathlon,First-time Buyer,Supermarkets ,3251267.72,1184,2746.00,500.09,4990.55
Sports & Outdoors,Decathlon,High Value,Large Malls / Complexes,2848792.41,1032,2760.46,514.08,4985.56
Sports & Outdoors,Decathlon,High Value,Small Stores / Shops,3220853.70,1154,2791.03,500.22,4998.94
Sports & Outdoors,Decathlon,High Value,Supermarkets ,3409971.14,1240,2749.98,500.15,4999.05
Sports & Outdoors,Decathlon,In-Store Regular,Large Malls / Complexes,2859193.42,1026,2786.74,501.50,4997.59
Sports & Outdoors,Decathlon,In-Store Regular,Small Stores / Shops,3218798.59,1133,2840.95,504.84,4997.58
Sports & Outdoors,Decathlon,In-Store Regular,Supermarkets ,3074564.35,1118,2750.06,509.28,4999.77
Sports & Outdoors,Decathlon,Loyal Customer,Large Malls / Complexes,2869884.14,1051,2730.62,501.43,4996.95
Sports & Outdoors,Decathlon,Loyal Customer,Small Stores / Shops,3186363.52,1143,2787.72,507.87,4993.65
Sports & Outdoors,Decathlon,Loyal Customer,Supermarkets ,3094916.28,1127,2746.15,506.01,4988.23
Sports & Outdoors,Decathlon,Occasional Shopper,Large Malls / Complexes,2847449.71,1046,2722.23,500.07,4986.55
Sports & Outdoors,Decathlon,Occasional Shopper,Small Stores / Shops,3097248.17,1127,2748.22,500.39,4997.17
Sports & Outdoors,Decathlon,Occasional Shopper,Supermarkets ,3346194.31,1223,2736.05,501.49,4996.60
Sports & Outdoors,Decathlon,Online Shopper,Large Malls / Complexes,3091902.38,1112,2780.49,502.34,4998.97
Sports & Outdoors,Decathlon,Online Shopper,Small Stores / Shops,3058059.80,1128,2711.05,500.15,4997.16
Sports & Outdoors,Decathlon,Online Shopper,Supermarkets ,3127886.91,1135,2755.85,501.48,4999.97
Sports & Outdoors,Decathlon,Premium Shopper,Large Malls / Complexes,2720363.75,1004,2709.53,516.63,4994.28
Sports & Outdoors,Decathlon,Premium Shopper,Small Stores / Shops,3152080.59,1147,2748.11,500.23,4995.64
Sports & Outdoors,Decathlon,Premium Shopper,Supermarkets ,3130747.92,1167,2682.73,500.60,4997.72
Sports & Outdoors,Nike,Budget Shopper,Large Malls / Complexes,2858371.02,1039,2751.08,503.37,4992.94
Sports & Outdoors,Nike,Budget Shopper,Small Stores / Shops,3106110.15,1117,2780.76,503.94,4996.03
Sports & Outdoors,Nike,Budget Shopper,Supermarkets ,3291920.70,1192,2761.68,500.80,4994.02
Sports & Outdoors,Nike,Churn Risk,Large Malls / Complexes,2916062.71,1054,2766.66,520.19,4998.73
Sports & Outdoors,Nike,Churn Risk,Small Stores / Shops,3300515.28,1171,2818.54,500.07,4996.07
Sports & Outdoors,Nike,Churn Risk,Supermarkets ,3257632.47,1182,2756.03,501.18,4999.05
Sports & Outdoors,Nike,Deal Seeker,Large Malls / Complexes,2996397.39,1070,2800.37,513.61,4999.02
Sports & Outdoors,Nike,Deal Seeker,Small Stores / Shops,3016850.14,1089,2770.29,501.05,4999.44
Sports & Outdoors,Nike,Deal Seeker,Supermarkets ,3465365.62,1243,2787.90,502.29,4993.27
Sports & Outdoors,Nike,First-time Buyer,Large Malls / Complexes,2985290.29,1085,2751.42,504.23,4997.70
Sports & Outdoors,Nike,First-time Buyer,Small Stores / Shops,3223226.90,1169,2757.25,500.01,4996.20
Sports & Outdoors,Nike,First-time Buyer,Supermarkets ,3206925.94,1181,2715.43,505.40,4999.02
Sports & Outdoors,Nike,High Value,Large Malls / Complexes,2933977.14,1054,2783.66,505.34,4998.95
Sports & Outdoors,Nike,High Value,Small Stores / Shops,3223925.30,1158,2784.05,500.14,4996.00
Sports & Outdoors,Nike,High Value,Supermarkets ,3079606.52,1135,2713.31,505.18,4997.19
Sports & Outdoors,Nike,In-Store Regular,Large Malls / Complexes,2909186.98,1072,2713.79,501.97,4992.75
Sports & Outdoors,Nike,In-Store Regular,Small Stores / Shops,3168846.46,1136,2789.48,502.42,4998.83
Sports & Outdoors,Nike,In-Store Regular,Supermarkets ,3227003.81,1194,2702.68,504.68,4997.94
Sports & Outdoors,Nike,Loyal Customer,Large Malls / Complexes,2917350.69,1073,2718.87,501.80,4994.05
Sports & Outdoors,Nike,Loyal Customer,Small Stores / Shops,3047332.01,1123,2713.56,501.07,4999.83
Sports & Outdoors,Nike,Loyal Customer,Supermarkets ,3094163.78,1155,2678.93,501.50,4992.09
Sports & Outdoors,Nike,Occasional Shopper,Large Malls / Complexes,2897298.68,1074,2697.67,503.69,4995.14
Sports & Outdoors,Nike,Occasional Shopper,Small Stores / Shops,3189385.17,1146,2783.06,506.38,4998.50
Sports & Outdoors,Nike,Occasional Shopper,Supermarkets ,3228096.06,1188,2717.25,503.65,4998.21
Sports & Outdoors,Nike,Online Shopper,Large Malls / Complexes,2823384.75,1029,2743.81,509.61,4989.88
Sports & Outdoors,Nike,Online Shopper,Small Stores / Shops,3034813.28,1097,2766.47,508.30,4998.38
Sports & Outdoors,Nike,Online Shopper,Supermarkets ,3345054.89,1213,2757.67,503.08,4996.32
Sports & Outdoors,Nike,Premium Shopper,Large Malls / Complexes,2833596.78,1009,2808.32,513.82,4999.19
Sports & Outdoors,Nike,Premium Shopper,Small Stores / Shops,3144891.96,1125,2795.46,500.79,4999.67
Sports & Outdoors,Nike,Premium Shopper,Supermarkets ,3207003.10,1140,2813.16,500.31,4998.76
Sports & Outdoors,Puma,Budget Shopper,Large Malls / Complexes,3010331.62,1100,2736.67,506.68,4985.94
Sports & Outdoors,Puma,Budget Shopper,Small Stores / Shops,3050973.32,1098,2778.66,511.55,4991.44
Sports & Outdoors,Puma,Budget Shopper,Supermarkets ,3155602.50,1144,2758.39,501.48,4997.46
Sports & Outdoors,Puma,Churn Risk,Large Malls / Complexes,2954565.98,1048,2819.24,501.93,4998.60
Sports & Outdoors,Puma,Churn Risk,Small Stores / Shops,3091795.46,1139,2714.48,502.11,4996.88
Sports & Outdoors,Puma,Churn Risk,Supermarkets ,3282409.51,1197,2742.20,506.78,4993.59
Sports & Outdoors,Puma,Deal Seeker,Large Malls / Complexes,3048671.75,1094,2786.72,501.96,4998.69
Sports & Outdoors,Puma,Deal Seeker,Small Stores / Shops,3255862.65,1181,2756.87,502.43,4997.71
Sports & Outdoors,Puma,Deal Seeker,Supermarkets ,3180459.28,1144,2780.12,500.66,4997.56
Sports & Outdoors,Puma,First-time Buyer,Large Malls / Complexes,2920567.34,1038,2813.65,504.07,4994.88
Sports & Outdoors,Puma,First-time Buyer,Small Stores / Shops,3162653.70,1160,2726.43,500.04,4996.42
Sports & Outdoors,Puma,First-time Buyer,Supermarkets ,3149320.30,1163,2707.93,512.46,4993.79
Sports & Outdoors,Puma,High Value,Large Malls / Complexes,3032216.51,1093,2774.21,500.10,4999.61
Sports & Outdoors,Puma,High Value,Small Stores / Shops,3363047.12,1206,2788.60,500.03,4991.35
Sports & Outdoors,Puma,High Value,Supermarkets ,3297556.43,1191,2768.73,502.72,4996.51
Sports & Outdoors,Puma,In-Store Regular,Large Malls / Complexes,2905985.47,1053,2759.72,509.15,4995.46
Sports & Outdoors,Puma,In-Store Regular,Small Stores / Shops,3209988.57,1204,2666.10,502.54,4995.13
Sports & Outdoors,Puma,In-Store Regular,Supermarkets ,3054216.27,1114,2741.67,516.28,4999.89
Sports & Outdoors,Puma,Loyal Customer,Large Malls / Complexes,2720856.20,1008,2699.26,507.72,4990.43
Sports & Outdoors,Puma,Loyal Customer,Small Stores / Shops,3228703.91,1165,2771.42,503.10,4997.04
Sports & Outdoors,Puma,Loyal Customer,Supermarkets ,3115393.48,1133,2749.69,503.60,4996.09
Sports & Outdoors,Puma,Occasional Shopper,Large Malls / Complexes,2814457.87,1035,2719.28,502.29,4995.89
Sports & Outdoors,Puma,Occasional Shopper,Small Stores / Shops,3105084.85,1144,2714.24,500.41,4998.46
Sports & Outdoors,Puma,Occasional Shopper,Supermarkets ,3257859.56,1181,2758.56,503.81,4993.05
Sports & Outdoors,Puma,Online Shopper,Large Malls / Complexes,2926105.23,1084,2699.36,502.74,4999.78
Sports & Outdoors,Puma,Online Shopper,Small Stores / Shops,2939718.20,1065,2760.30,503.49,4994.48
Sports & Outdoors,Puma,Online Shopper,Supermarkets ,3291829.19,1181,2787.32,500.04,4992.50
Sports & Outdoors,Puma,Premium Shopper,Large Malls / Complexes,2758458.20,1020,2704.37,508.13,4993.01
Sports & Outdoors,Puma,Premium Shopper,Small Stores / Shops,3105637.83,1145,2712.35,501.13,4997.06
Sports & Outdoors,Puma,Premium Shopper,Supermarkets ,3016430.27,1087,2775.00,500.81,4995.80
Sports & Outdoors,Reebok,Budget Shopper,Large Malls / Complexes,2877231.49,1048,2745.45,500.26,4991.74
Sports & Outdoors,Reebok,Budget Shopper,Small Stores / Shops,2917205.48,1072,2721.27,500.78,4998.61
Sports & Outdoors,Reebok,Budget Shopper,Supermarkets ,3241748.62,1172,2766.00,500.04,4996.39
Sports & Outdoors,Reebok,Churn Risk,Large Malls / Complexes,3185278.12,1146,2779.47,506.24,4989.13
Sports & Outdoors,Reebok,Churn Risk,Small Stores / Shops,3211802.79,1165,2756.91,506.11,4998.24
Sports & Outdoors,Reebok,Churn Risk,Supermarkets ,3280600.68,1196,2742.98,506.58,4997.68
Sports & Outdoors,Reebok,Deal Seeker,Large Malls / Complexes,3135607.01,1149,2728.99,502.11,4989.91
Sports & Outdoors,Reebok,Deal Seeker,Small Stores / Shops,3002380.25,1101,2726.96,505.03,4999.30
Sports & Outdoors,Reebok,Deal Seeker,Supermarkets ,3055089.28,1139,2682.26,504.14,4999.33
Sports & Outdoors,Reebok,First-time Buyer,Large Malls / Complexes,3008282.56,1065,2824.68,504.45,4996.59
Sports & Outdoors,Reebok,First-time Buyer,Small Stores / Shops,2950188.12,1084,2721.58,500.37,4996.44
Sports & Outdoors,Reebok,First-time Buyer,Supermarkets ,3240389.09,1174,2760.13,502.16,4995.89
Sports & Outdoors,Reebok,High Value,Large Malls / Complexes,3020495.92,1101,2743.41,503.56,4998.53
Sports & Outdoors,Reebok,High Value,Small Stores / Shops,3007294.96,1078,2789.70,502.36,4996.75
Sports & Outdoors,Reebok,High Value,Supermarkets ,3211485.91,1168,2749.56,505.89,4989.29
Sports & Outdoors,Reebok,In-Store Regular,Large Malls / Complexes,3111371.83,1118,2782.98,502.76,4997.25
Sports & Outdoors,Reebok,In-Store Regular,Small Stores / Shops,3273842.78,1163,2815.00,504.23,4996.77
Sports & Outdoors,Reebok,In-Store Regular,Supermarkets ,3127781.59,1098,2848.62,502.90,4999.53
Sports & Outdoors,Reebok,Loyal Customer,Large Malls / Complexes,2903326.57,1073,2705.80,500.76,4999.34
Sports & Outdoors,Reebok,Loyal Customer,Small Stores / Shops,3122866.33,1129,2766.05,500.50,4998.56
Sports & Outdoors,Reebok,Loyal Customer,Supermarkets ,3198703.52,1163,2750.39,505.95,4998.20
Sports & Outdoors,Reebok,Occasional Shopper,Large Malls / Complexes,2852657.34,1030,2769.57,508.41,4998.87
Sports & Outdoors,Reebok,Occasional Shopper,Small Stores / Shops,3170635.17,1164,2723.91,501.32,4999.65
Sports & Outdoors,Reebok,Occasional Shopper,Supermarkets ,3091071.12,1158,2669.32,501.14,4997.81
Sports & Outdoors,Reebok,Online Shopper,Large Malls / Complexes,2993512.48,1096,2731.31,508.07,4996.40
Sports & Outdoors,Reebok,Online Shopper,Small Stores / Shops,3203142.86,1158,2766.10,501.32,4994.96
Sports & Outdoors,Reebok,Online Shopper,Supermarkets ,3315842.77,1181,2807.66,504.92,4998.98
Sports & Outdoors,Reebok,Premium Shopper,Large Malls / Complexes,2937993.21,1067,2753.51,500.30,4991.13
Sports & Outdoors,Reebok,Premium Shopper,Small Stores / Shops,3021055.91,1094,2761.48,500.78,4998.61
Sports & Outdoors,Reebok,Premium Shopper,Supermarkets ,3018774.70,1098,2749.34,502.70,4999.55
