brand,customer_segment,store_type,sum_amount,count,avg_amount,min_amount,max_amount
Adidas,Budget Shopper,Large Malls / Complexes,5709340.12,2021,2825.01,500.43,4999.95
Adidas,Budget Shopper,Small Stores / Shops,6037212.55,2223,2715.80,507.80,4998.36
Adidas,Budget Shopper,Supermarkets ,6292213.09,2303,2732.18,501.20,4996.74
Adidas,Churn Risk,Large Malls / Complexes,5995982.60,2131,2813.69,505.67,4999.86
Adidas,Churn Risk,Small Stores / Shops,5869553.37,2171,2703.62,500.73,4998.38
Adidas,Churn Risk,Supermarkets ,6233235.45,2273,2742.29,503.18,4998.56
Adidas,Deal Seeker,Large Malls / Complexes,6136160.41,2200,2789.16,501.32,4998.10
Adidas,Deal Seeker,Small Stores / Shops,6223076.41,2262,2751.14,503.20,4992.84
Adidas,Deal Seeker,Supermarkets ,6346174.25,2263,2804.32,500.46,4996.95
Adidas,First-time Buyer,Large Malls / Complexes,5897191.92,2156,2735.25,503.01,4997.63
Adidas,First-time Buyer,Small Stores / Shops,5999839.66,2194,2734.66,501.06,4997.05
Adidas,First-time Buyer,Supermarkets ,6273767.35,2273,2760.13,501.90,4999.86
Adidas,High Value,Large Malls / Complexes,5930512.42,2175,2726.67,502.34,4995.33
Adidas,High Value,Small Stores / Shops,6041968.87,2226,2714.27,500.17,4999.78
Adidas,High Value,Supermarkets ,6219526.75,2277,2731.46,500.53,4999.38
Adidas,In-Store Regular,Large Malls / Complexes,5598854.67,2046,2736.49,501.08,4999.76
Adidas,In-Store Regular,Small Stores / Shops,5999881.98,2173,2761.11,500.64,4992.09
Adidas,In-Store Regular,Supermarkets ,6205104.32,2247,2761.51,500.45,4999.33
Adidas,Loyal Customer,Large Malls / Complexes,5806687.27,2112,2749.38,503.34,4998.71
Adidas,Loyal Customer,Small Stores / Shops,6401065.51,2292,2792.79,500.58,4998.00
Adidas,Loyal Customer,Supermarkets ,6396401.72,2338,2735.84,501.61,4998.83
Adidas,Occasional Shopper,Large Malls / Complexes,6001661.79,2149,2792.77,501.08,4994.47
Adidas,Occasional Shopper,Small Stores / Shops,6332617.76,2247,2818.25,502.59,4999.05
Adidas,Occasional Shopper,Supermarkets ,6350797.69,2326,2730.35,500.33,4995.70
Adidas,Online Shopper,Large Malls / Complexes,5689308.19,2086,2727.38,500.11,4993.50
Adidas,Online Shopper,Small Stores / Shops,6044576.44,2188,2762.60,509.05,4999.41
Adidas,Online Shopper,Supermarkets ,6228607.84,2301,2706.91,500.89,4997.59
Adidas,Premium Shopper,Large Malls / Complexes,5816897.83,2119,2745.11,500.83,4999.76
Adidas,Premium Shopper,Small Stores / Shops,5896461.80,2148,2745.09,506.24,4993.50
Adidas,Premium Shopper,Supermarkets ,6114279.35,2251,2716.25,502.53,4998.07
Amul,Budget Shopper,Large Malls / Complexes,2889443.58,1054,2741.41,505.34,4998.19
Amul,Budget Shopper,Small Stores / Shops,3096874.19,1100,2815.34,504.65,4994.33
Amul,Budget Shopper,Supermarkets ,3292250.39,1196,2752.72,511.33,4993.94
Amul,Churn Risk,Large Malls / Complexes,2839612.35,1051,2701.82,510.22,4993.47
Amul,Churn Risk,Small Stores / Shops,3042065.19,1125,2704.06,502.30,4995.02
Amul,Churn Risk,Supermarkets ,3238067.12,1168,2772.32,506.56,4996.54
Amul,Deal Seeker,Large Malls / Complexes,2790503.85,993,2810.18,503.17,4998.30
Amul,Deal Seeker,Small Stores / Shops,3247859.44,1165,2787.86,514.24,4996.45
Amul,Deal Seeker,Supermarkets ,3073740.79,1144,2686.84,501.88,4995.48
Amul,First-time Buyer,Large Malls / Complexes,2940395.63,1057,2781.83,500.26,4997.33
Amul,First-time Buyer,Small Stores / Shops,3032664.06,1131,2681.40,502.25,4998.98
Amul,First-time Buyer,Supermarkets ,3131164.71,1162,2694.63,504.35,4995.56
Amul,High Value,Large Malls / Complexes,2755165.94,1034,2664.57,500.47,4998.10
Amul,High Value,Small Stores / Shops,3197700.58,1167,2740.10,514.94,4994.94
Amul,High Value,Supermarkets ,3321492.77,1197,2774.85,504.05,4997.96
Amul,In-Store Regular,Large Malls / Complexes,2948637.47,1067,2763.48,508.09,4996.36
Amul,In-Store Regular,Small Stores / Shops,3084837.60,1125,2742.08,509.79,4985.16
Amul,In-Store Regular,Supermarkets ,3185175.83,1164,2736.41,504.51,4996.48
Amul,Loyal Customer,Large Malls / Complexes,2821642.30,1047,2694.98,501.41,4993.24
Amul,Loyal Customer,Small Stores / Shops,3077123.98,1126,2732.79,501.52,4994.91
Amul,Loyal Customer,Supermarkets ,3160671.92,1167,2708.37,500.84,4998.75
Amul,Occasional Shopper,Large Malls / Complexes,2843438.05,1042,2728.83,510.36,4999.80
Amul,Occasional Shopper,Small Stores / Shops,3013173.26,1109,2717.02,504.64,4998.84
Amul,Occasional Shopper,Supermarkets ,3286604.67,1181,2782.90,503.17,4996.97
Amul,Online Shopper,Large Malls / Complexes,3001801.46,1070,2805.42,505.59,4991.21
Amul,Online Shopper,Small Stores / Shops,3110523.35,1143,2721.37,500.62,4994.22
Amul,Online Shopper,Supermarkets ,3290583.41,1192,2760.56,500.74,4996.71
Amul,Premium Shopper,Large Malls / Complexes,2688204.69,994,2704.43,502.75,4986.78
Amul,Premium Shopper,Small Stores / Shops,3028581.72,1074,2819.91,501.25,4996.88
Amul,Premium Shopper,Supermarkets ,3056786.94,1123,2721.98,506.29,4997.29
Apple,Budget Shopper,Large Malls / Complexes,2965573.37,1082,2740.83,504.78,4991.42
Apple,Budget Shopper,Small Stores / Shops,3110438.01,1128,2757.48,501.68,4995.51
Apple,Budget Shopper,Supermarkets ,3144804.49,1134,2773.20,514.94,4991.30
Apple,Churn Risk,Large Malls / Complexes,2745125.78,1000,2745.13,500.60,4971.35
Apple,Churn Risk,Small Stores / Shops,2941926.29,1085,2711.45,515.83,4989.77
Apple,Churn Risk,Supermarkets ,3384740.79,1244,2720.85,502.32,4994.23
Apple,Deal Seeker,Large Malls / Complexes,2917511.76,1059,2754.97,502.34,4999.77
Apple,Deal Seeker,Small Stores / Shops,3161417.66,1148,2753.85,511.39,4998.11
Apple,Deal Seeker,Supermarkets ,3100490.59,1138,2724.51,509.00,4983.25
Apple,First-time Buyer,Large Malls / Complexes,2888969.00,1056,2735.77,505.51,4999.20
Apple,First-time Buyer,Small Stores / Shops,2976567.65,1072,2776.65,505.11,4997.68
Apple,First-time Buyer,Supermarkets ,3199478.35,1149,2784.58,506.54,4999.96
Apple,High Value,Large Malls / Complexes,2704313.10,988,2737.16,500.64,4993.95
Apple,High Value,Small Stores / Shops,3186056.40,1156,2756.10,505.44,4998.48
Apple,High Value,Supermarkets ,3108726.58,1161,2677.63,503.12,4999.52
Apple,In-Store Regular,Large Malls / Complexes,2770007.35,1003,2761.72,500.25,4999.96
Apple,In-Store Regular,Small Stores / Shops,3174428.94,1158,2741.30,500.80,4995.70
Apple,In-Store Regular,Supermarkets ,3153756.66,1149,2744.78,503.16,4997.96
Apple,Loyal Customer,Large Malls / Complexes,2859384.83,1034,2765.36,505.53,4999.83
Apple,Loyal Customer,Small Stores / Shops,2996191.26,1100,2723.81,504.97,4999.80
Apple,Loyal Customer,Supermarkets ,3129866.08,1101,2842.75,508.55,4996.09
Apple,Occasional Shopper,Large Malls / Complexes,3012518.63,1089,2766.32,505.17,4997.26
Apple,Occasional Shopper,Small Stores / Shops,3251604.75,1149,2829.94,500.26,4997.93
Apple,Occasional Shopper,Supermarkets ,3085307.91,1142,2701.67,510.55,4996.32
Apple,Online Shopper,Large Malls / Complexes,2889315.71,1048,2756.98,500.77,4998.93
Apple,Online Shopper,Small Stores / Shops,3076845.16,1127,2730.12,512.61,4995.06
Apple,Online Shopper,Supermarkets ,3131742.37,1151,2720.89,500.70,4998.84
Apple,Premium Shopper,Large Malls / Complexes,2822814.43,1033,2732.64,504.05,4996.76
Apple,Premium Shopper,Small Stores / Shops,3141995.33,1135,2768.28,503.41,4993.39
Apple,Premium Shopper,Supermarkets ,3076267.11,1139,2700.85,502.69,4985.88
Bosch,Budget Shopper,Large Malls / Complexes,2973059.85,1068,2783.76,500.71,4998.98
Bosch,Budget Shopper,Small Stores / Shops,3155499.47,1152,2739.15,500.98,4998.56
Bosch,Budget Shopper,Supermarkets ,3249488.38,1172,2772.60,500.10,4999.80
Bosch,Churn Risk,Large Malls / Complexes,2878111.61,1064,2704.99,505.59,4992.97
Bosch,Churn Risk,Small Stores / Shops,3071823.54,1102,2787.50,502.07,4995.95
Bosch,Churn Risk,Supermarkets ,3240710.90,1161,2791.31,513.89,4975.88
Bosch,Deal Seeker,Large Malls / Complexes,2851931.84,1073,2657.90,500.80,4999.30
Bosch,Deal Seeker,Small Stores / Shops,2962868.78,1098,2698.42,502.22,4997.54
Bosch,Deal Seeker,Supermarkets ,3236330.49,1188,2724.18,501.45,4998.61
Bosch,First-time Buyer,Large Malls / Complexes,2877199.56,1047,2748.04,502.14,4998.36
Bosch,First-time Buyer,Small Stores / Shops,2903866.50,1081,2686.28,503.20,4986.75
Bosch,First-time Buyer,Supermarkets ,3257468.30,1186,2746.60,507.03,4994.66
Bosch,High Value,Large Malls / Complexes,2891605.93,1057,2735.67,501.99,4989.69
Bosch,High Value,Small Stores / Shops,2961836.79,1090,2717.28,504.30,4997.76
Bosch,High Value,Supermarkets ,2981873.03,1114,2676.73,500.13,4997.47
Bosch,In-Store Regular,Large Malls / Complexes,2765288.42,1004,2754.27,503.66,4998.96
Bosch,In-Store Regular,Small Stores / Shops,3048157.05,1113,2738.69,506.06,4994.91
Bosch,In-Store Regular,Supermarkets ,3191371.23,1177,2711.45,501.78,4992.03
Bosch,Loyal Customer,Large Malls / Complexes,2562355.09,980,2614.65,504.89,4998.58
Bosch,Loyal Customer,Small Stores / Shops,2975054.77,1091,2726.91,504.44,4995.11
Bosch,Loyal Customer,Supermarkets ,3145560.86,1142,2754.43,502.78,4999.32
Bosch,Occasional Shopper,Large Malls / Complexes,2982978.55,1085,2749.29,505.55,4998.02
Bosch,Occasional Shopper,Small Stores / Shops,3097162.38,1127,2748.15,502.76,4986.82
Bosch,Occasional Shopper,Supermarkets ,2975283.45,1104,2695.00,500.65,4995.57
Bosch,Online Shopper,Large Malls / Complexes,2979847.23,1093,2726.30,503.05,4996.64
Bosch,Online Shopper,Small Stores / Shops,3078386.66,1150,2676.86,504.93,4991.17
Bosch,Online Shopper,Supermarkets ,3381650.23,1239,2729.34,501.02,4991.75
Bosch,Premium Shopper,Large Malls / Complexes,2784864.48,1021,2727.59,501.60,4999.74
Bosch,Premium Shopper,Small Stores / Shops,2940337.26,1074,2737.74,506.17,4998.02
Bosch,Premium Shopper,Supermarkets ,3212516.66,1173,2738.72,503.29,4994.98
Britannia,Budget Shopper,Large Malls / Complexes,2839360.95,1047,2711.90,502.18,4999.95
Britannia,Budget Shopper,Small Stores / Shops,2958010.91,1108,2669.68,503.39,4995.11
Britannia,Budget Shopper,Supermarkets ,3120469.20,1124,2776.22,508.29,4999.16
Britannia,Churn Risk,Large Malls / Complexes,2808849.75,1062,2644.87,502.48,4996.21
Britannia,Churn Risk,Small Stores / Shops,3134188.73,1130,2773.62,500.75,4996.15
Britannia,Churn Risk,Supermarkets ,3055858.59,1105,2765.48,503.77,4991.20
Britannia,Deal Seeker,Large Malls / Complexes,2866548.09,1049,2732.65,504.74,4994.32
Britannia,Deal Seeker,Small Stores / Shops,2993104.38,1077,2779.11,501.28,4978.21
Britannia,Deal Seeker,Supermarkets ,2990710.47,1123,2663.14,507.70,4991.55
Britannia,First-time Buyer,Large Malls / Complexes,2912199.44,1043,2792.14,510.46,4997.76
Britannia,First-time Buyer,Small Stores / Shops,3001577.45,1087,2761.34,500.94,4999.83
Britannia,First-time Buyer,Supermarkets ,3081720.58,1118,2756.46,510.77,4997.17
Britannia,High Value,Large Malls / Complexes,2825550.80,1040,2716.88,504.57,4998.87
Britannia,High Value,Small Stores / Shops,3240853.44,1153,2810.80,504.09,4998.29
Britannia,High Value,Supermarkets ,3439353.99,1259,2731.81,504.60,4994.27
Britannia,In-Store Regular,Large Malls / Complexes,2846858.84,1036,2747.93,504.42,4999.35
Britannia,In-Store Regular,Small Stores / Shops,3066038.96,1127,2720.53,514.06,4994.43
Britannia,In-Store Regular,Supermarkets ,3256662.13,1194,2727.52,504.64,4995.93
Britannia,Loyal Customer,Large Malls / Complexes,2774262.89,1004,2763.21,503.85,4999.40
Britannia,Loyal Customer,Small Stores / Shops,2928643.35,1064,2752.48,503.24,4994.82
Britannia,Loyal Customer,Supermarkets ,3357081.62,1181,2842.58,505.29,4995.73
Britannia,Occasional Shopper,Large Malls / Complexes,2637981.79,979,2694.57,509.45,4999.21
Britannia,Occasional Shopper,Small Stores / Shops,3150627.51,1123,2805.55,500.43,4996.56
Britannia,Occasional Shopper,Supermarkets ,3180916.71,1175,2707.16,500.56,4981.10
Britannia,Online Shopper,Large Malls / Complexes,2733243.49,990,2760.85,505.12,4996.20
Britannia,Online Shopper,Small Stores / Shops,3182000.83,1154,2757.37,500.65,4997.84
Britannia,Online Shopper,Supermarkets ,3122373.28,1157,2698.68,503.33,4993.28
Britannia,Premium Shopper,Large Malls / Complexes,2902716.61,1049,2767.13,500.98,4998.94
Britannia,Premium Shopper,Small Stores / Shops,2981219.95,1115,2673.74,500.31,4996.87
Britannia,Premium Shopper,Supermarkets ,2996409.99,1113,2692.19,518.95,4992.34
Decathlon,Budget Shopper,Large Malls / Complexes,2905482.89,1057,2748.80,500.42,4995.72
Decathlon,Budget Shopper,Small Stores / Shops,2982495.79,1113,2679.69,500.51,4990.77
Decathlon,Budget Shopper,Supermarkets ,3211470.51,1176,2730.84,500.42,4995.51
Decathlon,Churn Risk,Large Malls / Complexes,2889497.04,1027,2813.53,500.56,4995.47
Decathlon,Churn Risk,Small Stores / Shops,3138603.23,1133,2770.17,503.63,4997.07
Decathlon,Churn Risk,Supermarkets ,3200191.27,1166,2744.59,504.21,4992.77
Decathlon,Deal Seeker,Large Malls / Complexes,2814743.58,1040,2706.48,501.01,4995.74
Decathlon,Deal Seeker,Small Stores / Shops,3081608.82,1126,2736.78,502.58,4991.22
Decathlon,Deal Seeker,Supermarkets ,3015282.20,1104,2731.23,500.46,4999.49
Decathlon,First-time Buyer,Large Malls / Complexes,2746086.53,1007,2727.00,501.68,4997.18
Decathlon,First-time Buyer,Small Stores / Shops,3059418.37,1103,2773.72,502.80,4999.25
Decathlon,First-time Buyer,Supermarkets ,3251267.72,1184,2746.00,500.09,4990.55
Decathlon,High Value,Large Malls / Complexes,2848792.41,1032,2760.46,514.08,4985.56
Decathlon,High Value,Small Stores / Shops,3220853.70,1154,2791.03,500.22,4998.94
Decathlon,High Value,Supermarkets ,3409971.14,1240,2749.98,500.15,4999.05
Decathlon,In-Store Regular,Large Malls / Complexes,2859193.42,1026,2786.74,501.50,4997.59
Decathlon,In-Store Regular,Small Stores / Shops,3218798.59,1133,2840.95,504.84,4997.58
Decathlon,In-Store Regular,Supermarkets ,3074564.35,1118,2750.06,509.28,4999.77
Decathlon,Loyal Customer,Large Malls / Complexes,2869884.14,1051,2730.62,501.43,4996.95
Decathlon,Loyal Customer,Small Stores / Shops,3186363.52,1143,2787.72,507.87,4993.65
Decathlon,Loyal Customer,Supermarkets ,3094916.28,1127,2746.15,506.01,4988.23
Decathlon,Occasional Shopper,Large Malls / Complexes,2847449.71,1046,2722.23,500.07,4986.55
Decathlon,Occasional Shopper,Small Stores / Shops,3097248.17,1127,2748.22,500.39,4997.17
Decathlon,Occasional Shopper,Supermarkets ,3346194.31,1223,2736.05,501.49,4996.60
Decathlon,Online Shopper,Large Malls / Complexes,3091902.38,1112,2780.49,502.34,4998.97
Decathlon,Online Shopper,Small Stores / Shops,3058059.80,1128,2711.05,500.15,4997.16
Decathlon,Online Shopper,Supermarkets ,3127886.91,1135,2755.85,501.48,4999.97
Decathlon,Premium Shopper,Large Malls / Complexes,2720363.75,1004,2709.53,516.63,4994.28
Decathlon,Premium Shopper,Small Stores / Shops,3152080.59,1147,2748.11,500.23,4995.64
Decathlon,Premium Shopper,Supermarkets ,3130747.92,1167,2682.73,500.60,4997.72
Godrej Interio,Budget Shopper,Large Malls / Complexes,2880349.31,1064,2707.10,508.66,4999.77
Godrej Interio,Budget Shopper,Small Stores / Shops,3071639.85,1140,2694.42,502.47,4987.15
Godrej Interio,Budget Shopper,Supermarkets ,3158868.20,1133,2788.06,501.67,4999.39
Godrej Interio,Churn Risk,Large Malls / Complexes,2790122.96,1048,2662.33,516.15,4997.24
Godrej Interio,Churn Risk,Small Stores / Shops,3084463.05,1136,2715.20,503.75,4999.20
Godrej Interio,Churn Risk,Supermarkets ,3142001.43,1146,2741.71,503.48,4996.09
Godrej Interio,Deal Seeker,Large Malls / Complexes,2966690.91,1081,2744.39,505.24,4998.98
Godrej Interio,Deal Seeker,Small Stores / Shops,3042357.60,1131,2689.97,501.02,4999.40
Godrej Interio,Deal Seeker,Supermarkets ,3163310.75,1160,2726.99,503.19,4995.00
Godrej Interio,First-time Buyer,Large Malls / Complexes,2832812.17,1027,2758.34,500.38,4999.65
Godrej Interio,First-time Buyer,Small Stores / Shops,3150762.35,1145,2751.76,504.88,4991.93
Godrej Interio,First-time Buyer,Supermarkets ,3142130.53,1165,2697.11,503.30,4999.17
Godrej Interio,High Value,Large Malls / Complexes,2915668.94,1060,2750.63,505.18,4998.10
Godrej Interio,High Value,Small Stores / Shops,3094486.71,1130,2738.48,531.93,4994.56
Godrej Interio,High Value,Supermarkets ,3151492.87,1147,2747.60,504.51,4998.80
Godrej Interio,In-Store Regular,Large Malls / Complexes,2850976.20,1017,2803.32,500.68,4994.01
Godrej Interio,In-Store Regular,Small Stores / Shops,3021212.08,1116,2707.18,500.57,4989.70
Godrej Interio,In-Store Regular,Supermarkets ,3195924.08,1191,2683.40,505.38,4995.77
Godrej Interio,Loyal Customer,Large Malls / Complexes,2863803.21,1029,2783.09,502.50,4994.08
Godrej Interio,Loyal Customer,Small Stores / Shops,3198210.06,1165,2745.24,503.81,4997.34
Godrej Interio,Loyal Customer,Supermarkets ,3172613.26,1144,2773.26,508.28,4996.61
Godrej Interio,Occasional Shopper,Large Malls / Complexes,2842652.78,1047,2715.05,501.14,4994.03
Godrej Interio,Occasional Shopper,Small Stores / Shops,2937974.87,1075,2733.00,504.08,4999.44
Godrej Interio,Occasional Shopper,Supermarkets ,3162217.88,1160,2726.05,503.68,4997.96
Godrej Interio,Online Shopper,Large Malls / Complexes,3004838.64,1054,2850.89,500.23,4996.98
Godrej Interio,Online Shopper,Small Stores / Shops,3100587.61,1151,2693.82,502.89,4998.57
Godrej Interio,Online Shopper,Supermarkets ,3415926.85,1243,2748.13,502.59,4995.74
Godrej Interio,Premium Shopper,Large Malls / Complexes,2855419.62,1021,2796.69,502.26,4999.01
Godrej Interio,Premium Shopper,Small Stores / Shops,3033945.21,1088,2788.55,501.02,4992.08
Godrej Interio,Premium Shopper,Supermarkets ,3032486.53,1116,2717.28,503.67,4990.23
Haier,Budget Shopper,Large Malls / Complexes,2824719.00,1031,2739.79,504.57,4997.58
Haier,Budget Shopper,Small Stores / Shops,3172006.91,1154,2748.71,500.92,4993.37
Haier,Budget Shopper,Supermarkets ,3072837.46,1104,2783.37,509.77,4998.49
Haier,Churn Risk,Large Malls / Complexes,2853256.61,1027,2778.24,500.36,4991.85
Haier,Churn Risk,Small Stores / Shops,3128648.32,1141,2742.02,500.57,4998.05
Haier,Churn Risk,Supermarkets ,3169424.36,1164,2722.87,500.39,4998.82
Haier,Deal Seeker,Large Malls / Complexes,2806372.25,1046,2682.96,503.14,4996.75
Haier,Deal Seeker,Small Stores / Shops,2999191.59,1104,2716.66,500.05,4985.81
Haier,Deal Seeker,Supermarkets ,3401552.57,1245,2732.17,510.03,4999.84
Haier,First-time Buyer,Large Malls / Complexes,2852836.97,1032,2764.38,508.15,4997.95
Haier,First-time Buyer,Small Stores / Shops,3139326.96,1113,2820.60,501.03,4996.58
Haier,First-time Buyer,Supermarkets ,3075180.93,1133,2714.19,500.00,4996.89
Haier,High Value,Large Malls / Complexes,2994924.22,1078,2778.22,500.33,4995.52
Haier,High Value,Small Stores / Shops,3110580.51,1179,2638.32,504.75,4997.95
Haier,High Value,Supermarkets ,3091097.12,1133,2728.24,501.47,4993.02
Haier,In-Store Regular,Large Malls / Complexes,2893121.31,1036,2792.59,501.45,4994.72
Haier,In-Store Regular,Small Stores / Shops,2936739.84,1095,2681.95,502.48,4999.06
Haier,In-Store Regular,Supermarkets ,3295963.74,1157,2848.72,509.50,4989.10
Haier,Loyal Customer,Large Malls / Complexes,3042861.17,1089,2794.18,500.27,4998.01
Haier,Loyal Customer,Small Stores / Shops,3124975.69,1145,2729.24,503.37,4993.77
Haier,Loyal Customer,Supermarkets ,3123499.19,1131,2761.71,510.98,4999.91
Haier,Occasional Shopper,Large Malls / Complexes,2710851.35,997,2719.01,518.36,4992.76
Haier,Occasional Shopper,Small Stores / Shops,3286624.20,1199,2741.14,500.66,4992.55
Haier,Occasional Shopper,Supermarkets ,3273650.97,1189,2753.28,500.69,4994.82
Haier,Online Shopper,Large Malls / Complexes,2975392.87,1082,2749.90,501.55,4996.85
Haier,Online Shopper,Small Stores / Shops,3147092.96,1162,2708.34,506.15,4990.20
Haier,Online Shopper,Supermarkets ,3174243.72,1162,2731.71,503.46,4986.96
Haier,Premium Shopper,Large Malls / Complexes,2850564.48,1037,2748.86,502.30,4998.92
Haier,Premium Shopper,Small Stores / Shops,3040087.19,1086,2799.34,505.85,4995.04
Haier,Premium Shopper,Supermarkets ,3151534.84,1165,2705.18,501.43,4998.06
Home Centre,Budget Shopper,Large Malls / Complexes,2895586.61,1054,2747.24,501.41,4995.52
Home Centre,Budget Shopper,Small Stores / Shops,3142781.68,1139,2759.25,500.93,4992.32
Home Centre,Budget Shopper,Supermarkets ,3056245.32,1143,2673.88,504.75,4999.90
Home Centre,Churn Risk,Large Malls / Complexes,3057075.00,1108,2759.09,502.72,4999.33
Home Centre,Churn Risk,Small Stores / Shops,2976573.97,1068,2787.05,501.40,4999.64
Home Centre,Churn Risk,Supermarkets ,3217753.52,1173,2743.18,502.08,4996.16
Home Centre,Deal Seeker,Large Malls / Complexes,2771544.37,1018,2722.54,503.37,4996.96
Home Centre,Deal Seeker,Small Stores / Shops,3232369.64,1166,2772.19,510.18,4999.30
Home Centre,Deal Seeker,Supermarkets ,3233616.95,1185,2728.79,502.25,4998.55
Home Centre,First-time Buyer,Large Malls / Complexes,2912094.72,1042,2794.72,500.56,4998.93
Home Centre,First-time Buyer,Small Stores / Shops,3084278.15,1107,2786.16,502.68,4999.10
Home Centre,First-time Buyer,Supermarkets ,3075308.36,1139,2700.01,500.58,4992.41
Home Centre,High Value,Large Malls / Complexes,2983846.19,1084,2752.63,512.14,4998.34
Home Centre,High Value,Small Stores / Shops,3247421.35,1159,2801.92,506.50,4999.89
Home Centre,High Value,Supermarkets ,3026990.11,1113,2719.67,504.04,4999.68
Home Centre,In-Store Regular,Large Malls / Complexes,2931465.35,1052,2786.56,501.98,4998.42
Home Centre,In-Store Regular,Small Stores / Shops,3174625.02,1131,2806.92,506.27,4996.39
Home Centre,In-Store Regular,Supermarkets ,2932497.74,1082,2710.26,503.22,4998.45
Home Centre,Loyal Customer,Large Malls / Complexes,3032176.30,1088,2786.93,501.07,4986.42
Home Centre,Loyal Customer,Small Stores / Shops,3227973.75,1154,2797.20,508.05,4997.86
Home Centre,Loyal Customer,Supermarkets ,3248769.74,1175,2764.91,510.64,4997.65
Home Centre,Occasional Shopper,Large Malls / Complexes,3066015.26,1118,2742.41,500.92,4999.60
Home Centre,Occasional Shopper,Small Stores / Shops,3037977.95,1102,2756.79,503.09,4995.33
Home Centre,Occasional Shopper,Supermarkets ,3263479.98,1181,2763.32,501.75,4994.28
Home Centre,Online Shopper,Large Malls / Complexes,2841727.83,1023,2777.84,500.35,4998.52
Home Centre,Online Shopper,Small Stores / Shops,3298702.50,1166,2829.08,511.57,4995.61
Home Centre,Online Shopper,Supermarkets ,3282814.21,1183,2774.99,508.03,4997.78
Home Centre,Premium Shopper,Large Malls / Complexes,2899114.46,1056,2745.37,501.66,4997.47
Home Centre,Premium Shopper,Small Stores / Shops,3086239.19,1111,2777.89,515.69,4996.95
Home Centre,Premium Shopper,Supermarkets ,3253600.29,1158,2809.67,500.23,4991.70
IKEA,Budget Shopper,Large Malls / Complexes,2971441.18,1099,2703.77,507.09,4991.69
IKEA,Budget Shopper,Small Stores / Shops,2962839.66,1092,2713.22,505.02,4997.53
IKEA,Budget Shopper,Supermarkets ,3191104.10,1155,2762.86,503.05,4995.21
IKEA,Churn Risk,Large Malls / Complexes,2817031.58,1031,2732.33,501.95,4995.19
IKEA,Churn Risk,Small Stores / Shops,3053600.07,1143,2671.57,507.97,4999.21
IKEA,Churn Risk,Supermarkets ,3291286.06,1169,2815.47,500.71,4991.43
IKEA,Deal Seeker,Large Malls / Complexes,2783725.48,1036,2686.99,508.91,4995.57
IKEA,Deal Seeker,Small Stores / Shops,3063592.55,1103,2777.51,502.50,4996.37
IKEA,Deal Seeker,Supermarkets ,3143775.20,1154,2724.24,514.18,4999.12
IKEA,First-time Buyer,Large Malls / Complexes,3093753.04,1129,2740.26,507.32,4995.04
IKEA,First-time Buyer,Small Stores / Shops,3246875.84,1154,2813.58,507.46,4998.02
IKEA,First-time Buyer,Supermarkets ,3307089.76,1195,2767.44,503.76,4998.36
IKEA,High Value,Large Malls / Complexes,2704169.60,1003,2696.08,510.39,4995.87
IKEA,High Value,Small Stores / Shops,3295884.60,1202,2742.00,502.33,4992.67
IKEA,High Value,Supermarkets ,3095410.45,1133,2732.05,501.39,4990.19
IKEA,In-Store Regular,Large Malls / Complexes,2934605.18,1044,2810.92,505.82,4981.62
IKEA,In-Store Regular,Small Stores / Shops,2933775.13,1048,2799.40,500.06,4998.78
IKEA,In-Store Regular,Supermarkets ,3200461.18,1158,2763.78,510.86,4996.77
IKEA,Loyal Customer,Large Malls / Complexes,2817949.28,1024,2751.90,502.21,4999.69
IKEA,Loyal Customer,Small Stores / Shops,3132055.34,1135,2759.52,501.83,4998.66
IKEA,Loyal Customer,Supermarkets ,3487792.50,1282,2720.59,503.86,4998.56
IKEA,Occasional Shopper,Large Malls / Complexes,2981602.98,1079,2763.30,502.30,4993.62
IKEA,Occasional Shopper,Small Stores / Shops,2969395.99,1077,2757.10,504.36,4996.79
IKEA,Occasional Shopper,Supermarkets ,3211958.40,1187,2705.95,501.43,4996.87
IKEA,Online Shopper,Large Malls / Complexes,3027164.84,1065,2842.41,503.67,4997.00
IKEA,Online Shopper,Small Stores / Shops,3209538.75,1179,2722.26,504.38,4996.82
IKEA,Online Shopper,Supermarkets ,3059335.27,1148,2664.93,501.50,4994.05
IKEA,Premium Shopper,Large Malls / Complexes,2855782.01,1046,2730.19,504.41,4996.34
IKEA,Premium Shopper,Small Stores / Shops,3084052.03,1095,2816.49,520.68,4998.88
IKEA,Premium Shopper,Supermarkets ,3310825.79,1196,2768.25,500.31,4998.49
Kellogg's,Budget Shopper,Large Malls / Complexes,2902478.28,1055,2751.16,500.73,4994.74
Kellogg's,Budget Shopper,Small Stores / Shops,3143718.81,1144,2748.01,500.68,4998.35
Kellogg's,Budget Shopper,Supermarkets ,3084385.44,1101,2801.44,508.08,4993.66
Kellogg's,Churn Risk,Large Malls / Complexes,3170503.29,1156,2742.65,501.42,4998.93
Kellogg's,Churn Risk,Small Stores / Shops,3109307.75,1126,2761.37,503.77,4998.35
Kellogg's,Churn Risk,Supermarkets ,3068351.81,1115,2751.89,507.64,4999.85
Kellogg's,Deal Seeker,Large Malls / Complexes,3065738.84,1077,2846.55,501.79,4991.67
Kellogg's,Deal Seeker,Small Stores / Shops,3098462.84,1136,2727.52,507.78,4999.80
Kellogg's,Deal Seeker,Supermarkets ,3165516.22,1154,2743.08,504.50,4995.22
Kellogg's,First-time Buyer,Large Malls / Complexes,2925753.41,1077,2716.58,507.89,4999.20
Kellogg's,First-time Buyer,Small Stores / Shops,3013388.25,1074,2805.76,500.64,4983.65
Kellogg's,First-time Buyer,Supermarkets ,3287508.46,1185,2774.27,505.75,4997.39
Kellogg's,High Value,Large Malls / Complexes,2818102.44,1038,2714.93,500.54,4998.78
Kellogg's,High Value,Small Stores / Shops,3161303.86,1156,2734.69,500.95,4991.82
Kellogg's,High Value,Supermarkets ,3220456.17,1155,2788.27,503.26,4994.94
Kellogg's,In-Store Regular,Large Malls / Complexes,2916183.81,1027,2839.52,509.54,4997.53
Kellogg's,In-Store Regular,Small Stores / Shops,3005076.79,1075,2795.42,511.78,4995.38
Kellogg's,In-Store Regular,Supermarkets ,3206161.19,1174,2730.97,500.16,4999.70
Kellogg's,Loyal Customer,Large Malls / Complexes,2818191.88,1024,2752.14,515.99,4999.96
Kellogg's,Loyal Customer,Small Stores / Shops,3190667.49,1164,2741.12,500.37,4999.89
Kellogg's,Loyal Customer,Supermarkets ,2975158.10,1076,2765.02,505.38,4999.73
Kellogg's,Occasional Shopper,Large Malls / Complexes,2864197.82,1052,2722.62,511.66,4995.35
Kellogg's,Occasional Shopper,Small Stores / Shops,3004559.70,1109,2709.25,502.08,4992.71
Kellogg's,Occasional Shopper,Supermarkets ,3045360.38,1114,2733.72,505.05,4996.77
Kellogg's,Online Shopper,Large Malls / Complexes,2880091.29,1049,2745.56,509.93,4990.17
Kellogg's,Online Shopper,Small Stores / Shops,3062118.75,1103,2776.17,505.76,4999.26
Kellogg's,Online Shopper,Supermarkets ,3101725.38,1135,2732.80,500.12,4999.82
Kellogg's,Premium Shopper,Large Malls / Complexes,2942117.88,1071,2747.08,508.82,4999.86
Kellogg's,Premium Shopper,Small Stores / Shops,3052366.32,1122,2720.47,500.73,4990.81
Kellogg's,Premium Shopper,Supermarkets ,3252123.54,1179,2758.37,500.98,4996.69
LG,Budget Shopper,Large Malls / Complexes,5614556.52,2069,2713.66,504.53,4996.41
LG,Budget Shopper,Small Stores / Shops,6125104.56,2209,2772.80,507.00,4998.29
LG,Budget Shopper,Supermarkets ,6325454.40,2301,2749.00,500.72,4999.25
LG,Churn Risk,Large Malls / Complexes,6042809.00,2193,2755.50,502.94,4995.01
LG,Churn Risk,Small Stores / Shops,6349003.57,2288,2774.91,501.23,4999.15
LG,Churn Risk,Supermarkets ,6253093.75,2239,2792.81,500.17,4995.63
LG,Deal Seeker,Large Malls / Complexes,5961031.34,2120,2811.81,500.92,4998.16
LG,Deal Seeker,Small Stores / Shops,6162513.65,2237,2754.81,502.12,4998.59
LG,Deal Seeker,Supermarkets ,6557885.11,2385,2749.64,503.07,4997.26
LG,First-time Buyer,Large Malls / Complexes,6199836.48,2191,2829.68,502.44,4999.75
LG,First-time Buyer,Small Stores / Shops,6174389.43,2270,2720.00,500.75,4999.20
LG,First-time Buyer,Supermarkets ,6140444.92,2231,2752.33,506.25,4999.11
LG,High Value,Large Malls / Complexes,5979562.40,2140,2794.19,500.70,4999.91
LG,High Value,Small Stores / Shops,6094262.94,2228,2735.31,501.39,4998.30
LG,High Value,Supermarkets ,6398721.64,2323,2754.51,504.80,4999.77
LG,In-Store Regular,Large Malls / Complexes,5670957.51,2045,2773.08,500.93,4998.42
LG,In-Store Regular,Small Stores / Shops,5949754.04,2193,2713.07,503.24,4998.70
LG,In-Store Regular,Supermarkets ,6157996.47,2244,2744.21,501.76,4999.09
LG,Loyal Customer,Large Malls / Complexes,5677846.01,2108,2693.48,501.49,4994.58
LG,Loyal Customer,Small Stores / Shops,6222922.85,2271,2740.17,502.80,4995.91
LG,Loyal Customer,Supermarkets ,6455671.26,2365,2729.67,501.38,4999.43
LG,Occasional Shopper,Large Malls / Complexes,5964708.14,2150,2774.28,500.28,4998.42
LG,Occasional Shopper,Small Stores / Shops,5947384.69,2185,2721.92,501.06,4996.56
LG,Occasional Shopper,Supermarkets ,5949156.47,2218,2682.22,501.39,4997.34
LG,Online Shopper,Large Malls / Complexes,5976374.91,2183,2737.69,502.70,4999.46
LG,Online Shopper,Small Stores / Shops,6121124.14,2240,2732.64,502.18,4997.61
LG,Online Shopper,Supermarkets ,6244645.72,2274,2746.11,500.36,4998.62
LG,Premium Shopper,Large Malls / Complexes,6089991.49,2183,2789.73,505.99,4995.82
LG,Premium Shopper,Small Stores / Shops,6263257.50,2264,2766.46,502.79,4996.89
LG,Premium Shopper,Supermarkets ,6384280.05,2299,2776.98,504.90,4997.79
Levi's,Budget Shopper,Large Malls / Complexes,2714950.01,1001,2712.24,507.99,4992.48
Levi's,Budget Shopper,Small Stores / Shops,3167943.19,1144,2769.18,505.15,4996.92
Levi's,Budget Shopper,Supermarkets ,3260523.60,1187,2746.86,501.09,4989.93
Levi's,Churn Risk,Large Malls / Complexes,3044003.46,1108,2747.30,501.38,4994.40
Levi's,Churn Risk,Small Stores / Shops,3417003.14,1250,2733.60,506.94,4997.36
Levi's,Churn Risk,Supermarkets ,3106553.51,1118,2778.67,500.17,4996.75
Levi's,Deal Seeker,Large Malls / Complexes,3063855.12,1110,2760.23,502.02,4974.76
Levi's,Deal Seeker,Small Stores / Shops,3132104.83,1128,2776.69,503.19,4998.97
Levi's,Deal Seeker,Supermarkets ,3247883.19,1202,2702.07,501.70,4993.33
Levi's,First-time Buyer,Large Malls / Complexes,3019450.97,1074,2811.41,500.37,4996.53
Levi's,First-time Buyer,Small Stores / Shops,3019490.04,1095,2757.53,503.70,4996.15
Levi's,First-time Buyer,Supermarkets ,3302516.02,1185,2786.93,500.27,4990.95
Levi's,High Value,Large Malls / Complexes,2857309.75,1039,2750.06,506.74,4993.83
Levi's,High Value,Small Stores / Shops,3270585.82,1178,2776.39,510.90,4999.26
Levi's,High Value,Supermarkets ,2977532.66,1092,2726.68,501.71,4989.35
Levi's,In-Store Regular,Large Malls / Complexes,2790231.63,1025,2722.18,500.60,4997.25
Levi's,In-Store Regular,Small Stores / Shops,3231580.79,1179,2740.95,502.23,4999.49
Levi's,In-Store Regular,Supermarkets ,3196573.61,1141,2801.55,501.02,4998.47
Levi's,Loyal Customer,Large Malls / Complexes,3162731.02,1120,2823.87,502.97,4999.97
Levi's,Loyal Customer,Small Stores / Shops,2936920.02,1078,2724.42,503.91,4997.63
Levi's,Loyal Customer,Supermarkets ,3040954.03,1117,2722.43,501.94,4999.85
Levi's,Occasional Shopper,Large Malls / Complexes,2775679.13,1036,2679.23,501.94,4991.55
Levi's,Occasional Shopper,Small Stores / Shops,3148885.50,1145,2750.12,501.31,4992.74
Levi's,Occasional Shopper,Supermarkets ,3134366.60,1158,2706.71,501.79,4994.57
Levi's,Online Shopper,Large Malls / Complexes,2998208.60,1060,2828.50,507.81,4999.60
Levi's,Online Shopper,Small Stores / Shops,3200030.90,1169,2737.41,501.14,4985.08
Levi's,Online Shopper,Supermarkets ,3219106.60,1169,2753.73,500.12,4996.33
Levi's,Premium Shopper,Large Malls / Complexes,2716169.39,1018,2668.14,501.18,4979.50
Levi's,Premium Shopper,Small Stores / Shops,2949831.44,1081,2728.80,500.17,4998.56
Levi's,Premium Shopper,Supermarkets ,3243882.40,1159,2798.86,504.42,4988.37
Nestle,Budget Shopper,Large Malls / Complexes,2742285.74,1001,2739.55,511.89,4999.39
Nestle,Budget Shopper,Small Stores / Shops,3101004.65,1130,2744.25,503.57,4985.68
Nestle,Budget Shopper,Supermarkets ,3077082.20,1120,2747.39,501.93,4997.60
Nestle,Churn Risk,Large Malls / Complexes,2719990.74,1001,2717.27,502.79,4998.26
Nestle,Churn Risk,Small Stores / Shops,3017950.66,1109,2721.33,505.92,4990.79
Nestle,Churn Risk,Supermarkets ,3253049.89,1158,2809.20,502.13,4998.94
Nestle,Deal Seeker,Large Malls / Complexes,2971654.78,1073,2769.48,502.46,4992.96
Nestle,Deal Seeker,Small Stores / Shops,3125308.13,1115,2802.97,500.60,4999.70
Nestle,Deal Seeker,Supermarkets ,3325716.76,1215,2737.22,507.76,4999.88
Nestle,First-time Buyer,Large Malls / Complexes,2880990.54,1053,2735.98,513.29,4998.49
Nestle,First-time Buyer,Small Stores / Shops,3011294.15,1097,2745.03,502.53,4996.36
Nestle,First-time Buyer,Supermarkets ,3002360.58,1132,2652.26,501.65,4999.88
Nestle,High Value,Large Malls / Complexes,2861414.73,1037,2759.32,501.31,4992.79
Nestle,High Value,Small Stores / Shops,3009688.85,1110,2711.43,501.12,4996.03
Nestle,High Value,Supermarkets ,3140997.97,1161,2705.42,502.46,4992.95
Nestle,In-Store Regular,Large Malls / Complexes,2779141.81,1009,2754.35,500.36,4999.92
Nestle,In-Store Regular,Small Stores / Shops,3252502.51,1157,2811.15,508.03,4998.37
Nestle,In-Store Regular,Supermarkets ,3125204.05,1138,2746.22,500.03,4997.93
Nestle,Loyal Customer,Large Malls / Complexes,2861707.22,1025,2791.91,507.54,4997.31
Nestle,Loyal Customer,Small Stores / Shops,3046737.31,1091,2792.61,504.24,4994.58
Nestle,Loyal Customer,Supermarkets ,3437741.58,1220,2817.82,509.01,4995.79
Nestle,Occasional Shopper,Large Malls / Complexes,2738513.58,999,2741.25,502.78,4997.95
Nestle,Occasional Shopper,Small Stores / Shops,3178997.59,1140,2788.59,501.97,4990.05
Nestle,Occasional Shopper,Supermarkets ,3315895.26,1212,2735.89,504.45,4998.22
Nestle,Online Shopper,Large Malls / Complexes,2825534.42,1045,2703.86,501.06,4999.06
Nestle,Online Shopper,Small Stores / Shops,3117936.79,1133,2751.93,503.73,4996.14
Nestle,Online Shopper,Supermarkets ,3154703.82,1151,2740.84,502.24,4997.93
Nestle,Premium Shopper,Large Malls / Complexes,2874690.39,1038,2769.45,508.76,4996.99
Nestle,Premium Shopper,Small Stores / Shops,3036208.07,1099,2762.70,501.53,4998.48
Nestle,Premium Shopper,Supermarkets ,3189674.91,1158,2754.47,502.43,4988.77
Nike,Budget Shopper,Large Malls / Complexes,5899118.40,2148,2746.33,501.91,4999.12
Nike,Budget Shopper,Small Stores / Shops,6314413.69,2274,2776.79,503.94,4999.08
Nike,Budget Shopper,Supermarkets ,6549647.31,2349,2788.27,500.80,4994.02
Nike,Churn Risk,Large Malls / Complexes,5603274.15,2071,2705.59,500.82,4999.04
Nike,Churn Risk,Small Stores / Shops,6469943.86,2325,2782.77,500.07,4998.85
Nike,Churn Risk,Supermarkets ,6554711.48,2371,2764.53,501.18,4999.05
Nike,Deal Seeker,Large Malls / Complexes,5866754.72,2137,2745.32,501.97,4999.02
Nike,Deal Seeker,Small Stores / Shops,6078861.79,2220,2738.23,500.14,4999.44
Nike,Deal Seeker,Supermarkets ,6579266.81,2404,2736.80,500.89,4997.93
Nike,First-time Buyer,Large Malls / Complexes,5966872.72,2165,2756.06,504.23,4998.79
Nike,First-time Buyer,Small Stores / Shops,6340799.19,2309,2746.12,500.01,4998.40
Nike,First-time Buyer,Supermarkets ,6196362.59,2254,2749.05,505.40,4999.02
Nike,High Value,Large Malls / Complexes,5736513.88,2072,2768.59,501.48,4998.95
Nike,High Value,Small Stores / Shops,6389272.55,2283,2798.63,500.14,4999.95
Nike,High Value,Supermarkets ,6372479.13,2311,2757.46,500.77,4999.11
Nike,In-Store Regular,Large Malls / Complexes,5740516.03,2112,2718.05,501.97,4998.76
Nike,In-Store Regular,Small Stores / Shops,6298823.52,2266,2779.71,502.42,4998.83
Nike,In-Store Regular,Supermarkets ,6462575.47,2376,2719.94,502.32,4999.33
Nike,Loyal Customer,Large Malls / Complexes,5925779.97,2144,2763.89,501.58,4997.89
Nike,Loyal Customer,Small Stores / Shops,6291337.27,2281,2758.15,501.07,4999.83
Nike,Loyal Customer,Supermarkets ,6349913.47,2341,2712.48,501.50,4998.23
Nike,Occasional Shopper,Large Malls / Complexes,5947075.73,2194,2710.61,501.20,4999.19
Nike,Occasional Shopper,Small Stores / Shops,6313491.85,2274,2776.38,500.65,4998.50
Nike,Occasional Shopper,Supermarkets ,6388454.91,2326,2746.54,503.65,4999.75
Nike,Online Shopper,Large Malls / Complexes,5725791.01,2073,2762.08,500.29,4997.02
Nike,Online Shopper,Small Stores / Shops,6160842.35,2199,2801.66,502.80,4998.41
Nike,Online Shopper,Supermarkets ,6408885.61,2318,2764.83,500.43,4996.32
Nike,Premium Shopper,Large Malls / Complexes,5586480.55,2037,2742.50,500.72,4999.19
Nike,Premium Shopper,Small Stores / Shops,6368261.07,2287,2784.55,500.79,4999.67
Nike,Premium Shopper,Supermarkets ,6380648.15,2254,2830.81,500.31,4998.76
Panasonic,Budget Shopper,Large Malls / Complexes,2798869.97,997,2807.29,500.80,4999.40
Panasonic,Budget Shopper,Small Stores / Shops,3024397.26,1073,2818.64,500.59,4996.39
Panasonic,Budget Shopper,Supermarkets ,3168008.35,1150,2754.79,501.31,4998.92
Panasonic,Churn Risk,Large Malls / Complexes,2895366.01,1052,2752.25,501.57,4997.13
Panasonic,Churn Risk,Small Stores / Shops,3134086.94,1150,2725.29,500.20,4998.99
Panasonic,Churn Risk,Supermarkets ,3212915.16,1150,2793.84,502.31,4999.64
Panasonic,Deal Seeker,Large Malls / Complexes,2835115.70,1038,2731.33,513.19,4994.86
Panasonic,Deal Seeker,Small Stores / Shops,3360958.27,1205,2789.18,500.14,4997.91
Panasonic,Deal Seeker,Supermarkets ,3132261.16,1137,2754.85,503.53,4999.75
Panasonic,First-time Buyer,Large Malls / Complexes,2892307.24,1055,2741.52,503.56,4999.78
Panasonic,First-time Buyer,Small Stores / Shops,3008972.05,1123,2679.41,511.07,4992.49
Panasonic,First-time Buyer,Supermarkets ,3194509.54,1150,2777.83,507.16,4999.90
Panasonic,High Value,Large Malls / Complexes,2966987.65,1074,2762.56,503.72,4990.51
Panasonic,High Value,Small Stores / Shops,3222252.26,1161,2775.41,502.39,4996.64
Panasonic,High Value,Supermarkets ,3070914.61,1128,2722.44,504.69,4998.89
Panasonic,In-Store Regular,Large Malls / Complexes,2977177.67,1113,2674.91,501.86,4995.07
Panasonic,In-Store Regular,Small Stores / Shops,3222684.14,1158,2782.97,508.37,4999.96
Panasonic,In-Store Regular,Supermarkets ,3319310.56,1200,2766.09,507.19,4999.60
Panasonic,Loyal Customer,Large Malls / Complexes,2989641.40,1073,2786.25,502.33,4992.01
Panasonic,Loyal Customer,Small Stores / Shops,3042172.92,1118,2721.08,501.47,4997.36
Panasonic,Loyal Customer,Supermarkets ,3064423.23,1116,2745.90,500.20,4997.54
Panasonic,Occasional Shopper,Large Malls / Complexes,2966758.53,1064,2788.31,507.71,4998.19
Panasonic,Occasional Shopper,Small Stores / Shops,3257322.21,1169,2786.42,500.15,4991.92
Panasonic,Occasional Shopper,Supermarkets ,3269727.44,1172,2789.87,503.80,4995.38
Panasonic,Online Shopper,Large Malls / Complexes,3056981.67,1096,2789.22,503.43,4999.83
Panasonic,Online Shopper,Small Stores / Shops,3040086.74,1087,2796.77,506.53,4993.48
Panasonic,Online Shopper,Supermarkets ,3281807.33,1178,2785.91,500.09,4998.72
Panasonic,Premium Shopper,Large Malls / Complexes,2849353.07,1029,2769.05,501.34,4996.51
Panasonic,Premium Shopper,Small Stores / Shops,2995602.83,1092,2743.23,500.34,4997.71
Panasonic,Premium Shopper,Supermarkets ,3251855.21,1177,2762.83,500.51,4999.87
Pepperfry,Budget Shopper,Large Malls / Complexes,2841714.44,1025,2772.40,503.79,4995.62
Pepperfry,Budget Shopper,Small Stores / Shops,3063873.75,1105,2772.74,506.06,4998.41
Pepperfry,Budget Shopper,Supermarkets ,3219945.15,1179,2731.08,509.51,4998.54
Pepperfry,Churn Risk,Large Malls / Complexes,2918862.53,1059,2756.24,501.02,4995.39
Pepperfry,Churn Risk,Small Stores / Shops,3167352.10,1131,2800.49,504.73,4999.03
Pepperfry,Churn Risk,Supermarkets ,3076288.43,1123,2739.35,504.90,4995.95
Pepperfry,Deal Seeker,Large Malls / Complexes,3026342.58,1091,2773.92,500.56,4990.42
Pepperfry,Deal Seeker,Small Stores / Shops,3209533.20,1158,2771.62,501.05,4997.80
Pepperfry,Deal Seeker,Supermarkets ,3164174.23,1148,2756.25,503.92,4998.62
Pepperfry,First-time Buyer,Large Malls / Complexes,2798799.44,1019,2746.61,505.06,4998.48
Pepperfry,First-time Buyer,Small Stores / Shops,2964588.11,1081,2742.45,501.27,4995.79
Pepperfry,First-time Buyer,Supermarkets ,3188976.34,1155,2761.02,501.84,4999.26
Pepperfry,High Value,Large Malls / Complexes,2860414.04,1036,2761.02,502.67,4998.32
Pepperfry,High Value,Small Stores / Shops,3172299.99,1129,2809.83,502.41,4999.47
Pepperfry,High Value,Supermarkets ,3292550.35,1192,2762.21,506.57,4997.60
Pepperfry,In-Store Regular,Large Malls / Complexes,2925113.07,1020,2867.76,509.15,4991.13
Pepperfry,In-Store Regular,Small Stores / Shops,3177010.90,1138,2791.75,509.73,4993.83
Pepperfry,In-Store Regular,Supermarkets ,2932465.18,1110,2641.86,508.01,4998.58
Pepperfry,Loyal Customer,Large Malls / Complexes,2913178.26,1069,2725.14,501.63,4999.16
Pepperfry,Loyal Customer,Small Stores / Shops,2902459.03,1054,2753.76,503.53,4998.96
Pepperfry,Loyal Customer,Supermarkets ,3161671.50,1161,2723.23,506.20,4997.79
Pepperfry,Occasional Shopper,Large Malls / Complexes,2888719.66,1072,2694.70,500.36,4998.24
Pepperfry,Occasional Shopper,Small Stores / Shops,3044272.02,1097,2775.09,504.44,4994.16
Pepperfry,Occasional Shopper,Supermarkets ,3321408.52,1175,2826.73,500.89,4997.66
Pepperfry,Online Shopper,Large Malls / Complexes,2955206.74,1093,2703.76,505.20,4986.16
Pepperfry,Online Shopper,Small Stores / Shops,3148887.66,1154,2728.67,505.16,4998.77
Pepperfry,Online Shopper,Supermarkets ,3301633.43,1194,2765.19,507.96,4999.14
Pepperfry,Premium Shopper,Large Malls / Complexes,2904740.67,1049,2769.06,500.59,4989.64
Pepperfry,Premium Shopper,Small Stores / Shops,3009525.37,1100,2735.93,502.89,4997.14
Pepperfry,Premium Shopper,Supermarkets ,3104612.80,1142,2718.58,505.62,4998.23
Puma,Budget Shopper,Large Malls / Complexes,5852048.20,2126,2752.61,502.32,4993.20
Puma,Budget Shopper,Small Stores / Shops,6214991.25,2244,2769.60,504.90,4998.97
Puma,Budget Shopper,Supermarkets ,6129725.23,2223,2757.41,501.48,4999.85
Puma,Churn Risk,Large Malls / Complexes,5666161.81,2049,2765.33,501.93,4998.60
Puma,Churn Risk,Small Stores / Shops,6180777.49,2269,2724.01,500.57,4997.16
Puma,Churn Risk,Supermarkets ,6259847.04,2297,2725.23,503.04,4994.80
Puma,Deal Seeker,Large Malls / Complexes,6102700.15,2196,2779.01,501.96,4998.69
Puma,Deal Seeker,Small Stores / Shops,6488623.13,2355,2755.25,502.43,4997.71
Puma,Deal Seeker,Supermarkets ,6309557.63,2271,2778.32,500.07,4999.01
Puma,First-time Buyer,Large Malls / Complexes,5637388.67,2034,2771.58,504.07,4999.23
Puma,First-time Buyer,Small Stores / Shops,6263740.21,2263,2767.89,500.04,4999.40
Puma,First-time Buyer,Supermarkets ,6240872.08,2299,2714.60,502.20,4999.98
Puma,High Value,Large Malls / Complexes,5967117.49,2171,2748.56,500.10,4999.61
Puma,High Value,Small Stores / Shops,6405812.60,2304,2780.30,500.03,4998.14
Puma,High Value,Supermarkets ,6311616.28,2310,2732.30,500.45,4996.51
Puma,In-Store Regular,Large Malls / Complexes,5717281.51,2061,2774.03,501.78,4998.12
Puma,In-Store Regular,Small Stores / Shops,6227892.45,2315,2690.23,500.74,4995.61
Puma,In-Store Regular,Supermarkets ,6270701.50,2265,2768.52,501.80,4999.89
Puma,Loyal Customer,Large Malls / Complexes,5520872.20,2041,2704.98,500.18,4996.71
Puma,Loyal Customer,Small Stores / Shops,6296806.90,2301,2736.55,503.10,4999.68
Puma,Loyal Customer,Supermarkets ,6335161.79,2307,2746.06,502.12,4997.42
Puma,Occasional Shopper,Large Malls / Complexes,5731616.18,2104,2724.15,502.29,4997.93
Puma,Occasional Shopper,Small Stores / Shops,6313266.10,2274,2776.28,500.41,4998.46
Puma,Occasional Shopper,Supermarkets ,6702452.87,2413,2777.64,502.57,4993.54
Puma,Online Shopper,Large Malls / Complexes,5897621.28,2173,2714.05,500.66,4999.78
Puma,Online Shopper,Small Stores / Shops,5960741.68,2157,2763.44,503.49,4994.48
Puma,Online Shopper,Supermarkets ,6407524.27,2326,2754.74,500.04,4998.52
Puma,Premium Shopper,Large Malls / Complexes,5569488.71,2057,2707.58,501.68,4993.14
Puma,Premium Shopper,Small Stores / Shops,6201381.95,2224,2788.39,500.07,4997.57
Puma,Premium Shopper,Supermarkets ,6265233.96,2266,2764.89,500.81,4998.60
Reebok,Budget Shopper,Large Malls / Complexes,2877231.49,1048,2745.45,500.26,4991.74
Reebok,Budget Shopper,Small Stores / Shops,2917205.48,1072,2721.27,500.78,4998.61
Reebok,Budget Shopper,Supermarkets ,3241748.62,1172,2766.00,500.04,4996.39
Reebok,Churn Risk,Large Malls / Complexes,3185278.12,1146,2779.47,506.24,4989.13
Reebok,Churn Risk,Small Stores / Shops,3211802.79,1165,2756.91,506.11,4998.24
Reebok,Churn Risk,Supermarkets ,3280600.68,1196,2742.98,506.58,4997.68
Reebok,Deal Seeker,Large Malls / Complexes,3135607.01,1149,2728.99,502.11,4989.91
Reebok,Deal Seeker,Small Stores / Shops,3002380.25,1101,2726.96,505.03,4999.30
Reebok,Deal Seeker,Supermarkets ,3055089.28,1139,2682.26,504.14,4999.33
Reebok,First-time Buyer,Large Malls / Complexes,3008282.56,1065,2824.68,504.45,4996.59
Reebok,First-time Buyer,Small Stores / Shops,2950188.12,1084,2721.58,500.37,4996.44
Reebok,First-time Buyer,Supermarkets ,3240389.09,1174,2760.13,502.16,4995.89
Reebok,High Value,Large Malls / Complexes,3020495.92,1101,2743.41,503.56,4998.53
Reebok,High Value,Small Stores / Shops,3007294.96,1078,2789.70,502.36,4996.75
Reebok,High Value,Supermarkets ,3211485.91,1168,2749.56,505.89,4989.29
Reebok,In-Store Regular,Large Malls / Complexes,3111371.83,1118,2782.98,502.76,4997.25
Reebok,In-Store Regular,Small Stores / Shops,3273842.78,1163,2815.00,504.23,4996.77
Reebok,In-Store Regular,Supermarkets ,3127781.59,1098,2848.62,502.90,4999.53
Reebok,Loyal Customer,Large Malls / Complexes,2903326.57,1073,2705.80,500.76,4999.34
Reebok,Loyal Customer,Small Stores / Shops,3122866.33,1129,2766.05,500.50,4998.56
Reebok,Loyal Customer,Supermarkets ,3198703.52,1163,2750.39,505.95,4998.20
Reebok,Occasional Shopper,Large Malls / Complexes,2852657.34,1030,2769.57,508.41,4998.87
Reebok,Occasional Shopper,Small Stores / Shops,3170635.17,1164,2723.91,501.32,4999.65
Reebok,Occasional Shopper,Supermarkets ,3091071.12,1158,2669.32,501.14,4997.81
Reebok,Online Shopper,Large Malls / Complexes,2993512.48,1096,2731.31,508.07,4996.40
Reebok,Online Shopper,Small Stores / Shops,3203142.86,1158,2766.10,501.32,4994.96
Reebok,Online Shopper,Supermarkets ,3315842.77,1181,2807.66,504.92,4998.98
Reebok,Premium Shopper,Large Malls / Complexes,2937993.21,1067,2753.51,500.30,4991.13
Reebok,Premium Shopper,Small Stores / Shops,3021055.91,1094,2761.48,500.78,4998.61
Reebok,Premium Shopper,Supermarkets ,3018774.70,1098,2749.34,502.70,4999.55
Samsung,Budget Shopper,Large Malls / Complexes,5638041.37,2050,2750.26,501.48,4999.90
Samsung,Budget Shopper,Small Stores / Shops,5941958.09,2170,2738.23,502.24,4999.28
Samsung,Budget Shopper,Supermarkets ,6263096.76,2287,2738.56,500.78,4999.66
Samsung,Churn Risk,Large Malls / Complexes,5788071.36,2097,2760.17,503.96,4999.41
Samsung,Churn Risk,Small Stores / Shops,6222711.51,2287,2720.91,500.21,4999.69
Samsung,Churn Risk,Supermarkets ,6472861.22,2333,2774.48,501.03,4994.08
Samsung,Deal Seeker,Large Malls / Complexes,5794763.50,2113,2742.43,500.13,4996.68
Samsung,Deal Seeker,Small Stores / Shops,6296085.51,2263,2782.19,501.85,4998.39
Samsung,Deal Seeker,Supermarkets ,6329013.46,2325,2722.16,500.36,4998.67
Samsung,First-time Buyer,Large Malls / Complexes,5752854.50,2123,2709.78,501.91,4999.73
Samsung,First-time Buyer,Small Stores / Shops,6268500.59,2288,2739.73,500.15,4999.45
Samsung,First-time Buyer,Supermarkets ,6335973.45,2293,2763.18,500.13,4999.71
Samsung,High Value,Large Malls / Complexes,5781407.70,2093,2762.26,504.44,4999.37
Samsung,High Value,Small Stores / Shops,6314141.90,2307,2736.95,502.76,4999.98
Samsung,High Value,Supermarkets ,6106557.99,2249,2715.23,501.98,4993.37
Samsung,In-Store Regular,Large Malls / Complexes,5874719.52,2136,2750.34,501.27,4997.84
Samsung,In-Store Regular,Small Stores / Shops,6322751.15,2325,2719.46,503.76,4999.11
Samsung,In-Store Regular,Supermarkets ,6216042.20,2264,2745.60,503.09,4999.21
Samsung,Loyal Customer,Large Malls / Complexes,5871788.87,2119,2771.02,500.90,4999.50
Samsung,Loyal Customer,Small Stores / Shops,6156558.88,2220,2773.22,500.17,4999.22
Samsung,Loyal Customer,Supermarkets ,6492133.85,2317,2801.96,500.68,4998.97
Samsung,Occasional Shopper,Large Malls / Complexes,6125839.93,2218,2761.88,501.55,4997.57
Samsung,Occasional Shopper,Small Stores / Shops,6350332.42,2288,2775.49,500.09,4997.28
Samsung,Occasional Shopper,Supermarkets ,6487943.56,2354,2756.14,503.77,4999.63
Samsung,Online Shopper,Large Malls / Complexes,5769213.10,2093,2756.43,503.07,4999.94
Samsung,Online Shopper,Small Stores / Shops,6402567.96,2310,2771.67,503.09,4999.87
Samsung,Online Shopper,Supermarkets ,6649337.09,2360,2817.52,500.93,4997.91
Samsung,Premium Shopper,Large Malls / Complexes,5887915.24,2117,2781.25,504.23,4995.60
Samsung,Premium Shopper,Small Stores / Shops,6161056.91,2240,2750.47,501.06,4997.81
Samsung,Premium Shopper,Supermarkets ,6357555.14,2311,2751.00,502.17,4997.66
Sony,Budget Shopper,Large Malls / Complexes,2980313.47,1069,2787.95,500.55,4990.97
Sony,Budget Shopper,Small Stores / Shops,3005525.63,1076,2793.24,505.65,4997.06
Sony,Budget Shopper,Supermarkets ,3136717.89,1138,2756.34,505.51,4996.70
Sony,Churn Risk,Large Malls / Complexes,2801583.55,1027,2727.93,504.98,4997.94
Sony,Churn Risk,Small Stores / Shops,2835294.79,1045,2713.20,501.99,4997.03
Sony,Churn Risk,Supermarkets ,3298869.78,1204,2739.93,500.37,4973.40
Sony,Deal Seeker,Large Malls / Complexes,2890338.62,1073,2693.70,500.80,4984.20
Sony,Deal Seeker,Small Stores / Shops,3000860.98,1103,2720.64,501.33,4999.82
Sony,Deal Seeker,Supermarkets ,3127226.94,1157,2702.88,507.68,4999.95
Sony,First-time Buyer,Large Malls / Complexes,2968900.60,1068,2779.87,504.33,4997.65
Sony,First-time Buyer,Small Stores / Shops,2919743.22,1070,2728.73,500.72,4995.49
Sony,First-time Buyer,Supermarkets ,3099034.96,1099,2819.87,500.19,4999.11
Sony,High Value,Large Malls / Complexes,2895743.55,1085,2668.89,502.93,4998.62
Sony,High Value,Small Stores / Shops,3164648.66,1168,2709.46,501.00,4995.77
Sony,High Value,Supermarkets ,3012401.93,1102,2733.58,504.44,4999.96
Sony,In-Store Regular,Large Malls / Complexes,2960668.83,1086,2726.21,502.96,4998.89
Sony,In-Store Regular,Small Stores / Shops,2967123.74,1073,2765.26,508.20,4998.63
Sony,In-Store Regular,Supermarkets ,3081804.08,1115,2763.95,500.05,4998.29
Sony,Loyal Customer,Large Malls / Complexes,2817805.05,1029,2738.39,520.36,4997.33
Sony,Loyal Customer,Small Stores / Shops,3192764.43,1166,2738.22,500.08,4998.12
Sony,Loyal Customer,Supermarkets ,3291236.51,1187,2772.74,511.62,4999.15
Sony,Occasional Shopper,Large Malls / Complexes,2965383.30,1081,2743.19,512.68,4995.40
Sony,Occasional Shopper,Small Stores / Shops,3068540.47,1111,2761.96,506.15,4997.58
Sony,Occasional Shopper,Supermarkets ,3202751.13,1155,2772.94,515.45,4998.09
Sony,Online Shopper,Large Malls / Complexes,3037601.61,1116,2721.87,502.74,4999.95
Sony,Online Shopper,Small Stores / Shops,3054357.50,1125,2714.98,501.02,4972.09
Sony,Online Shopper,Supermarkets ,3039896.70,1105,2751.04,502.78,4995.68
Sony,Premium Shopper,Large Malls / Complexes,2959614.07,1070,2765.99,506.00,4998.76
Sony,Premium Shopper,Small Stores / Shops,2875868.79,1062,2707.97,500.73,4993.03
Sony,Premium Shopper,Supermarkets ,3263322.91,1184,2756.18,501.14,4999.13
Tata,Budget Shopper,Large Malls / Complexes,2936360.57,1054,2785.92,506.85,4999.97
Tata,Budget Shopper,Small Stores / Shops,2981452.66,1114,2676.35,505.58,4998.44
Tata,Budget Shopper,Supermarkets ,3050769.46,1121,2721.47,509.07,4996.14
Tata,Churn Risk,Large Malls / Complexes,2813979.95,1029,2734.67,505.15,4999.13
Tata,Churn Risk,Small Stores / Shops,3110261.53,1113,2794.48,500.47,4986.73
Tata,Churn Risk,Supermarkets ,3178016.75,1151,2761.09,504.09,4993.94
Tata,Deal Seeker,Large Malls / Complexes,2901237.05,1036,2800.42,507.01,4994.79
Tata,Deal Seeker,Small Stores / Shops,3306262.05,1203,2748.35,504.62,4993.52
Tata,Deal Seeker,Supermarkets ,3309647.34,1183,2797.67,500.33,4992.62
Tata,First-time Buyer,Large Malls / Complexes,2978307.42,1067,2791.29,501.87,4999.90
Tata,First-time Buyer,Small Stores / Shops,3171543.97,1133,2799.24,500.01,4998.73
Tata,First-time Buyer,Supermarkets ,3194398.57,1164,2744.33,513.21,4998.75
Tata,High Value,Large Malls / Complexes,2976097.46,1064,2797.08,509.58,4998.78
Tata,High Value,Small Stores / Shops,3176693.93,1172,2710.49,500.83,4998.45
Tata,High Value,Supermarkets ,3105288.28,1120,2772.58,504.96,4999.34
Tata,In-Store Regular,Large Malls / Complexes,2864873.12,1052,2723.26,505.51,4997.81
Tata,In-Store Regular,Small Stores / Shops,3113181.69,1145,2718.94,505.89,4989.67
Tata,In-Store Regular,Supermarkets ,3034163.95,1122,2704.25,502.61,4990.49
Tata,Loyal Customer,Large Malls / Complexes,2916140.49,1051,2774.63,500.32,4996.49
Tata,Loyal Customer,Small Stores / Shops,3116796.98,1113,2800.36,502.27,4996.71
Tata,Loyal Customer,Supermarkets ,3199029.47,1148,2786.61,504.05,4991.22
Tata,Occasional Shopper,Large Malls / Complexes,3007490.32,1084,2774.44,504.91,4999.06
Tata,Occasional Shopper,Small Stores / Shops,2985538.45,1109,2692.10,500.91,4997.51
Tata,Occasional Shopper,Supermarkets ,3280170.67,1199,2735.76,522.43,4989.23
Tata,Online Shopper,Large Malls / Complexes,2926851.05,1037,2822.42,501.39,4999.83
Tata,Online Shopper,Small Stores / Shops,3098926.50,1121,2764.43,501.36,4995.88
Tata,Online Shopper,Supermarkets ,3212331.33,1159,2771.64,505.64,4992.47
Tata,Premium Shopper,Large Malls / Complexes,2969700.07,1070,2775.42,503.77,4998.79
Tata,Premium Shopper,Small Stores / Shops,3048286.00,1129,2699.99,505.15,4999.35
Tata,Premium Shopper,Supermarkets ,3052147.68,1117,2732.45,500.97,4995.65
Urban Ladder,Budget Shopper,Large Malls / Complexes,3048091.19,1094,2786.19,502.36,4999.11
Urban Ladder,Budget Shopper,Small Stores / Shops,3046207.48,1104,2759.25,506.57,4997.33
Urban Ladder,Budget Shopper,Supermarkets ,3334718.99,1193,2795.24,502.39,4996.17
Urban Ladder,Churn Risk,Large Malls / Complexes,2987477.68,1086,2750.90,504.20,4992.27
Urban Ladder,Churn Risk,Small Stores / Shops,2941537.12,1068,2754.25,500.70,4990.61
Urban Ladder,Churn Risk,Supermarkets ,3296420.26,1211,2722.06,505.76,4999.22
Urban Ladder,Deal Seeker,Large Malls / Complexes,2975988.17,1085,2742.85,502.02,4997.15
Urban Ladder,Deal Seeker,Small Stores / Shops,3077844.45,1110,2772.83,501.28,4997.58
Urban Ladder,Deal Seeker,Supermarkets ,3093184.98,1121,2759.31,503.66,4996.27
Urban Ladder,First-time Buyer,Large Malls / Complexes,2933904.51,1069,2744.53,502.44,4993.18
Urban Ladder,First-time Buyer,Small Stores / Shops,3032962.54,1068,2839.85,512.82,4996.98
Urban Ladder,First-time Buyer,Supermarkets ,3183565.23,1150,2768.32,505.86,4999.59
Urban Ladder,High Value,Large Malls / Complexes,3007479.95,1096,2744.05,504.24,4999.64
Urban Ladder,High Value,Small Stores / Shops,3265303.86,1179,2769.55,501.29,4998.26
Urban Ladder,High Value,Supermarkets ,3267745.23,1193,2739.10,504.51,4999.58
Urban Ladder,In-Store Regular,Large Malls / Complexes,3041269.31,1092,2785.05,507.61,4990.46
Urban Ladder,In-Store Regular,Small Stores / Shops,2839111.56,1026,2767.17,500.07,4994.21
Urban Ladder,In-Store Regular,Supermarkets ,3206955.27,1168,2745.68,503.33,4998.82
Urban Ladder,Loyal Customer,Large Malls / Complexes,2968900.24,1073,2766.92,500.56,4997.81
Urban Ladder,Loyal Customer,Small Stores / Shops,3101543.61,1094,2835.05,501.69,4996.65
Urban Ladder,Loyal Customer,Supermarkets ,3147961.30,1158,2718.45,508.18,4991.12
Urban Ladder,Occasional Shopper,Large Malls / Complexes,2927788.84,1075,2723.52,500.98,4993.29
Urban Ladder,Occasional Shopper,Small Stores / Shops,2857767.75,1039,2750.50,500.57,4999.31
Urban Ladder,Occasional Shopper,Supermarkets ,3049023.59,1091,2794.71,504.91,4997.23
Urban Ladder,Online Shopper,Large Malls / Complexes,2955381.11,1064,2777.61,509.93,4999.88
Urban Ladder,Online Shopper,Small Stores / Shops,2922517.47,1095,2668.97,500.34,4994.85
Urban Ladder,Online Shopper,Supermarkets ,3257966.18,1185,2749.34,502.65,4992.50
Urban Ladder,Premium Shopper,Large Malls / Complexes,2891398.78,1067,2709.84,500.29,4986.14
Urban Ladder,Premium Shopper,Small Stores / Shops,3014011.22,1091,2762.61,501.38,4999.14
Urban Ladder,Premium Shopper,Supermarkets ,3134269.80,1133,2766.35,502.37,4996.26
Whirlpool,Budget Shopper,Large Malls / Complexes,2886283.58,1051,2746.23,500.61,4999.74
Whirlpool,Budget Shopper,Small Stores / Shops,3085572.26,1120,2754.98,510.66,4999.78
Whirlpool,Budget Shopper,Supermarkets ,3209866.77,1172,2738.79,501.38,4999.93
Whirlpool,Churn Risk,Large Malls / Complexes,2895602.79,1057,2739.45,505.17,4985.00
Whirlpool,Churn Risk,Small Stores / Shops,3173522.83,1130,2808.43,501.49,4998.46
Whirlpool,Churn Risk,Supermarkets ,2893344.20,1067,2711.66,508.23,4999.29
Whirlpool,Deal Seeker,Large Malls / Complexes,2951167.91,1084,2722.48,501.18,4998.83
Whirlpool,Deal Seeker,Small Stores / Shops,3055706.21,1121,2725.88,505.82,4998.50
Whirlpool,Deal Seeker,Supermarkets ,3338365.71,1190,2805.35,501.35,4999.38
Whirlpool,First-time Buyer,Large Malls / Complexes,2902728.32,1052,2759.25,516.98,4997.98
Whirlpool,First-time Buyer,Small Stores / Shops,2993191.91,1106,2706.32,502.03,4996.10
Whirlpool,First-time Buyer,Supermarkets ,3059961.21,1113,2749.29,502.66,4992.88
Whirlpool,High Value,Large Malls / Complexes,2780062.38,1024,2714.90,517.05,4991.51
Whirlpool,High Value,Small Stores / Shops,3138635.37,1153,2722.15,500.21,4999.73
Whirlpool,High Value,Supermarkets ,3274192.23,1181,2772.39,501.53,4998.56
Whirlpool,In-Store Regular,Large Malls / Complexes,2976504.93,1095,2718.27,502.82,4995.63
Whirlpool,In-Store Regular,Small Stores / Shops,3188740.21,1175,2713.82,502.61,4985.89
Whirlpool,In-Store Regular,Supermarkets ,3221631.63,1187,2714.10,506.56,4997.74
Whirlpool,Loyal Customer,Large Malls / Complexes,2895422.01,1046,2768.09,504.46,4990.13
Whirlpool,Loyal Customer,Small Stores / Shops,3000210.39,1121,2676.37,502.22,4997.51
Whirlpool,Loyal Customer,Supermarkets ,3318340.80,1201,2762.98,502.35,4999.75
Whirlpool,Occasional Shopper,Large Malls / Complexes,3085155.14,1121,2752.15,504.46,4998.47
Whirlpool,Occasional Shopper,Small Stores / Shops,3215648.70,1154,2786.52,500.44,4997.90
Whirlpool,Occasional Shopper,Supermarkets ,3147163.25,1144,2751.02,510.70,4999.48
Whirlpool,Online Shopper,Large Malls / Complexes,3023256.49,1104,2738.46,526.07,4994.29
Whirlpool,Online Shopper,Small Stores / Shops,3106263.13,1106,2808.56,504.40,4995.37
Whirlpool,Online Shopper,Supermarkets ,3227378.69,1158,2787.03,511.13,4989.56
Whirlpool,Premium Shopper,Large Malls / Complexes,2942000.91,1061,2772.86,504.31,4997.57
Whirlpool,Premium Shopper,Small Stores / Shops,2943166.55,1076,2735.28,505.09,4991.62
Whirlpool,Premium Shopper,Supermarkets ,3040551.73,1113,2731.85,501.55,4995.53
Zara,Budget Shopper,Large Malls / Complexes,3087049.55,1100,2806.41,502.21,4986.36
Zara,Budget Shopper,Small Stores / Shops,3040217.28,1113,2731.55,507.40,4997.51
Zara,Budget Shopper,Supermarkets ,3073486.91,1119,2746.64,502.76,4993.28
Zara,Churn Risk,Large Malls / Complexes,2869646.17,1050,2733.00,505.77,4999.91
Zara,Churn Risk,Small Stores / Shops,3140848.51,1136,2764.83,504.24,4999.45
Zara,Churn Risk,Supermarkets ,3179490.08,1168,2722.17,502.44,4998.98
Zara,Deal Seeker,Large Malls / Complexes,2862497.47,1054,2715.84,509.20,4996.18
Zara,Deal Seeker,Small Stores / Shops,3043969.35,1121,2715.41,502.55,4999.81
Zara,Deal Seeker,Supermarkets ,3081517.96,1123,2744.01,501.71,4995.44
Zara,First-time Buyer,Large Malls / Complexes,2880758.17,1027,2805.02,500.46,4999.45
Zara,First-time Buyer,Small Stores / Shops,3093072.65,1111,2784.04,501.24,4999.82
Zara,First-time Buyer,Supermarkets ,3147968.46,1113,2828.36,509.54,4994.01
Zara,High Value,Large Malls / Complexes,2833406.41,1009,2808.13,501.00,4999.71
Zara,High Value,Small Stores / Shops,2937340.45,1076,2729.87,513.31,4999.73
Zara,High Value,Supermarkets ,3228065.21,1204,2681.12,506.06,4997.38
Zara,In-Store Regular,Large Malls / Complexes,2854800.31,1024,2787.89,506.92,4999.80
Zara,In-Store Regular,Small Stores / Shops,2979158.56,1078,2763.60,504.23,4995.99
Zara,In-Store Regular,Supermarkets ,2890171.50,1069,2703.62,503.25,4991.98
Zara,Loyal Customer,Large Malls / Complexes,2947468.89,1088,2709.07,501.59,4996.42
Zara,Loyal Customer,Small Stores / Shops,2963402.75,1074,2759.22,500.50,4998.42
Zara,Loyal Customer,Supermarkets ,3188096.20,1148,2777.09,503.15,4993.23
Zara,Occasional Shopper,Large Malls / Complexes,2841453.58,1024,2774.86,502.01,4995.74
Zara,Occasional Shopper,Small Stores / Shops,3062425.52,1112,2753.98,510.43,4999.06
Zara,Occasional Shopper,Supermarkets ,3215881.69,1161,2769.92,501.28,4997.44
Zara,Online Shopper,Large Malls / Complexes,2976789.08,1068,2787.26,500.93,4995.75
Zara,Online Shopper,Small Stores / Shops,3076219.81,1116,2756.47,504.12,4978.98
Zara,Online Shopper,Supermarkets ,3400833.30,1221,2785.29,502.39,4994.87
Zara,Premium Shopper,Large Malls / Complexes,2699339.17,999,2702.04,503.34,4999.44
Zara,Premium Shopper,Small Stores / Shops,2955133.43,1074,2751.52,500.32,4997.25
Zara,Premium Shopper,Supermarkets ,3031635.36,1113,2723.84,508.91,4989.52
