customer_segment,store_type,salesperson_role,sum_amount,count,avg_amount,min_amount,max_amount
Budget Shopper,Large Malls / Complexes,Manager,21320613.03,7759,2747.86,500.43,4999.74
Budget Shopper,Large Malls / Complexes,Sales Associate,22896282.64,8335,2747.00,500.42,4999.95
Budget Shopper,Large Malls / Complexes,Salesperson,22866521.53,8241,2774.73,500.61,4999.97
Budget Shopper,Large Malls / Complexes,Senior Salesperson,19590332.44,7130,2747.59,500.26,4999.77
Budget Shopper,Small Stores / Shops,Manager,23247397.91,8450,2751.17,500.68,4998.44
Budget Shopper,Small Stores / Shops,Sales Associate,23989212.21,8708,2754.85,502.24,4999.78
Budget Shopper,Small Stores / Shops,Salesperson,24055038.53,8759,2746.32,500.51,4998.61
Budget Shopper,Small Stores / Shops,Senior Salesperson,20571736.41,7524,2734.15,500.59,4999.28
Budget Shopper,Supermarkets ,Manager,23901049.26,8651,2762.81,500.04,4999.93
Budget Shopper,Supermarkets ,Sales Associate,25041760.85,9104,2750.63,500.10,4999.85
Budget Shopper,Supermarkets ,Salesperson,24236832.92,8817,2748.88,500.99,4999.66
Budget Shopper,Supermarkets ,Senior Salesperson,21735285.15,7880,2758.28,500.80,4999.39
Churn Risk,Large Malls / Complexes,Manager,22080812.08,8056,2740.92,501.18,4999.13
Churn Risk,Large Malls / Complexes,Sales Associate,22785347.70,8313,2740.93,500.36,4999.91
Churn Risk,Large Malls / Complexes,Salesperson,22695357.88,8211,2764.02,500.82,4999.33
Churn Risk,Large Malls / Complexes,Senior Salesperson,19515758.22,7150,2729.48,501.92,4999.86
Churn Risk,Small Stores / Shops,Manager,23507867.94,8512,2761.73,500.70,4999.21
Churn Risk,Small Stores / Shops,Sales Associate,24409143.88,8882,2748.16,500.21,4999.20
Churn Risk,Small Stores / Shops,Salesperson,24067065.68,8777,2742.06,500.20,4999.64
Churn Risk,Small Stores / Shops,Senior Salesperson,20938772.86,7655,2735.31,500.07,4999.69
Churn Risk,Supermarkets ,Manager,23940856.86,8696,2753.09,500.17,4997.44
Churn Risk,Supermarkets ,Sales Associate,25193406.15,9184,2743.18,500.48,4999.22
Churn Risk,Supermarkets ,Salesperson,24734114.06,8903,2778.18,500.39,4999.85
Churn Risk,Supermarkets ,Senior Salesperson,21689306.45,7887,2750.01,502.31,4999.05
Deal Seeker,Large Malls / Complexes,Manager,22485485.31,8144,2760.99,500.13,4998.91
Deal Seeker,Large Malls / Complexes,Sales Associate,23056089.66,8383,2750.34,500.56,4999.77
Deal Seeker,Large Malls / Complexes,Salesperson,22879880.91,8287,2760.94,500.80,4999.02
Deal Seeker,Large Malls / Complexes,Senior Salesperson,19689069.64,7217,2728.15,500.80,4999.30
Deal Seeker,Small Stores / Shops,Manager,22815732.24,8259,2762.53,500.55,4999.70
Deal Seeker,Small Stores / Shops,Sales Associate,25012328.90,9031,2769.61,500.14,4999.82
Deal Seeker,Small Stores / Shops,Salesperson,24578139.78,8980,2736.99,500.49,4998.97
Deal Seeker,Small Stores / Shops,Senior Salesperson,21040720.61,7686,2737.54,500.05,4999.81
Deal Seeker,Supermarkets ,Manager,24028990.21,8717,2756.57,500.89,4999.75
Deal Seeker,Supermarkets ,Sales Associate,25252796.35,9203,2743.97,500.46,4999.95
Deal Seeker,Supermarkets ,Salesperson,24856381.41,9147,2717.44,500.66,4999.12
Deal Seeker,Supermarkets ,Senior Salesperson,21383123.06,7791,2744.59,500.07,4999.88
First-time Buyer,Large Malls / Complexes,Manager,22035515.46,7969,2765.15,500.37,4999.78
First-time Buyer,Large Malls / Complexes,Sales Associate,23355509.76,8487,2751.92,502.39,4999.23
First-time Buyer,Large Malls / Complexes,Salesperson,22614500.20,8179,2764.95,500.26,4999.75
First-time Buyer,Large Malls / Complexes,Senior Salesperson,19695149.10,7100,2773.96,500.56,4999.90
First-time Buyer,Small Stores / Shops,Manager,22686325.45,8225,2758.22,500.04,4999.83
First-time Buyer,Small Stores / Shops,Sales Associate,24280158.21,8819,2753.16,500.01,4999.45
First-time Buyer,Small Stores / Shops,Salesperson,23713119.07,8669,2735.39,500.01,4999.82
First-time Buyer,Small Stores / Shops,Senior Salesperson,21141438.68,7646,2765.03,501.03,4998.54
First-time Buyer,Supermarkets ,Manager,23883393.11,8692,2747.74,500.00,4999.11
First-time Buyer,Supermarkets ,Sales Associate,24874294.59,9016,2758.91,500.09,4999.90
First-time Buyer,Supermarkets ,Salesperson,25104880.63,9081,2764.55,502.13,4999.96
First-time Buyer,Supermarkets ,Senior Salesperson,20746849.76,7612,2725.55,500.58,4999.98
High Value,Large Malls / Complexes,Manager,21796886.61,7896,2760.50,500.47,4999.91
High Value,Large Malls / Complexes,Sales Associate,22812452.53,8325,2740.23,500.10,4999.48
High Value,Large Malls / Complexes,Salesperson,22429202.72,8121,2761.88,500.37,4998.95
High Value,Large Malls / Complexes,Senior Salesperson,19858123.44,7288,2724.77,500.33,4999.71
High Value,Small Stores / Shops,Manager,23802882.96,8634,2756.88,500.14,4999.89
High Value,Small Stores / Shops,Sales Associate,24591814.10,8975,2740.03,501.04,4999.98
High Value,Small Stores / Shops,Salesperson,24299342.00,8845,2747.24,500.69,4999.73
High Value,Small Stores / Shops,Senior Salesperson,21633141.89,7844,2757.92,500.03,4998.48
High Value,Supermarkets ,Manager,24051766.86,8819,2727.27,500.53,4999.38
High Value,Supermarkets ,Sales Associate,24849981.72,9092,2733.17,500.15,4999.96
High Value,Supermarkets ,Salesperson,24322470.08,8889,2736.24,500.13,4999.52
High Value,Supermarkets ,Senior Salesperson,21612721.73,7863,2748.66,500.45,4998.89
In-Store Regular,Large Malls / Complexes,Manager,21636397.70,7836,2761.15,500.68,4998.89
In-Store Regular,Large Malls / Complexes,Sales Associate,22989705.29,8315,2764.85,500.60,4999.92
In-Store Regular,Large Malls / Complexes,Salesperson,22238984.38,8062,2758.49,500.25,4999.80
In-Store Regular,Large Malls / Complexes,Senior Salesperson,19734731.74,7133,2766.68,501.08,4999.96
In-Store Regular,Small Stores / Shops,Manager,23174114.08,8364,2770.70,500.07,4999.21
In-Store Regular,Small Stores / Shops,Sales Associate,24442323.27,8883,2751.58,500.31,4999.49
In-Store Regular,Small Stores / Shops,Salesperson,24007844.02,8743,2745.95,500.80,4997.58
In-Store Regular,Small Stores / Shops,Senior Salesperson,21083448.67,7695,2739.89,500.06,4999.96
In-Store Regular,Supermarkets ,Manager,23313389.05,8499,2743.07,500.05,4999.58
In-Store Regular,Supermarkets ,Sales Associate,25077460.63,9168,2735.33,502.32,4999.60
In-Store Regular,Supermarkets ,Salesperson,24006952.22,8776,2735.52,500.16,4999.89
In-Store Regular,Supermarkets ,Senior Salesperson,21743217.60,7865,2764.55,500.03,4999.53
Loyal Customer,Large Malls / Complexes,Manager,21466706.18,7874,2726.28,500.56,4999.40
Loyal Customer,Large Malls / Complexes,Sales Associate,22658576.96,8256,2744.50,500.18,4999.69
Loyal Customer,Large Malls / Complexes,Salesperson,22566674.25,8152,2768.24,500.27,4999.97
Loyal Customer,Large Malls / Complexes,Senior Salesperson,19949849.18,7259,2748.29,500.32,4999.96
Loyal Customer,Small Stores / Shops,Manager,23396133.45,8567,2730.96,500.08,4999.83
Loyal Customer,Small Stores / Shops,Sales Associate,24404786.30,8812,2769.49,500.38,4998.97
Loyal Customer,Small Stores / Shops,Salesperson,24064246.48,8735,2754.92,500.50,4999.20
Loyal Customer,Small Stores / Shops,Senior Salesperson,20966658.17,7576,2767.51,500.17,4999.89
Loyal Customer,Supermarkets ,Manager,23961328.29,8705,2752.59,500.20,4999.75
Loyal Customer,Supermarkets ,Sales Associate,25538746.91,9267,2755.88,500.68,4999.85
Loyal Customer,Supermarkets ,Salesperson,25097396.86,9103,2757.05,501.94,4999.91
Loyal Customer,Supermarkets ,Senior Salesperson,21375897.71,7738,2762.46,500.84,4997.26
Occasional Shopper,Large Malls / Complexes,Manager,21461525.49,7875,2725.27,500.07,4999.60
Occasional Shopper,Large Malls / Complexes,Sales Associate,23528980.64,8560,2748.71,501.55,4998.47
Occasional Shopper,Large Malls / Complexes,Salesperson,22836537.50,8290,2754.71,500.92,4999.19
Occasional Shopper,Large Malls / Complexes,Senior Salesperson,19783144.51,7210,2743.85,500.36,4999.80
Occasional Shopper,Small Stores / Shops,Manager,23415503.51,8510,2751.53,500.57,4999.31
Occasional Shopper,Small Stores / Shops,Sales Associate,24849385.39,8913,2787.99,500.39,4999.44
Occasional Shopper,Small Stores / Shops,Salesperson,23840952.71,8687,2744.44,500.09,4999.65
Occasional Shopper,Small Stores / Shops,Senior Salesperson,20987633.37,7595,2763.35,500.15,4999.06
Occasional Shopper,Supermarkets ,Manager,23881591.88,8788,2717.52,500.33,4999.75
Occasional Shopper,Supermarkets ,Sales Associate,25323195.26,9218,2747.15,501.39,4999.63
Occasional Shopper,Supermarkets ,Salesperson,24640612.99,8948,2753.76,500.69,4999.48
Occasional Shopper,Supermarkets ,Senior Salesperson,21891839.29,7964,2748.85,500.65,4998.21
Online Shopper,Large Malls / Complexes,Manager,22165159.10,8099,2736.78,501.32,4998.93
Online Shopper,Large Malls / Complexes,Sales Associate,23139316.95,8374,2763.23,500.23,4999.95
Online Shopper,Large Malls / Complexes,Salesperson,22926840.95,8262,2774.97,500.35,4999.62
Online Shopper,Large Malls / Complexes,Senior Salesperson,20001640.48,7238,2763.42,500.11,4999.94
Online Shopper,Small Stores / Shops,Manager,23619584.03,8502,2778.12,501.14,4998.77
Online Shopper,Small Stores / Shops,Sales Associate,23931609.02,8739,2738.48,501.02,4999.41
Online Shopper,Small Stores / Shops,Salesperson,24169968.26,8883,2720.92,500.15,4999.87
Online Shopper,Small Stores / Shops,Senior Salesperson,21260916.98,7697,2762.23,503.50,4999.26
Online Shopper,Supermarkets ,Manager,24320497.91,8785,2768.41,500.04,4999.97
Online Shopper,Supermarkets ,Sales Associate,25418422.30,9241,2750.61,500.12,4999.14
Online Shopper,Supermarkets ,Salesperson,24786930.95,9029,2745.26,500.09,4998.84
Online Shopper,Supermarkets ,Senior Salesperson,21912931.14,7970,2749.43,502.15,4999.82
Premium Shopper,Large Malls / Complexes,Manager,21143667.66,7737,2732.80,501.66,4998.94
Premium Shopper,Large Malls / Complexes,Sales Associate,22562049.28,8242,2737.45,500.72,4999.76
Premium Shopper,Large Malls / Complexes,Salesperson,22762836.55,8282,2748.47,500.30,4999.86
Premium Shopper,Large Malls / Complexes,Senior Salesperson,19549182.47,7052,2772.15,500.29,4998.79
Premium Shopper,Small Stores / Shops,Manager,22846581.81,8290,2755.92,500.17,4999.67
Premium Shopper,Small Stores / Shops,Sales Associate,23782969.95,8666,2744.40,500.23,4999.35
Premium Shopper,Small Stores / Shops,Salesperson,23808982.41,8591,2771.39,500.34,4998.56
Premium Shopper,Small Stores / Shops,Senior Salesperson,20841479.45,7561,2756.44,500.07,4998.61
Premium Shopper,Supermarkets ,Manager,23431737.24,8493,2758.95,500.97,4999.87
Premium Shopper,Supermarkets ,Sales Associate,24874402.94,9071,2742.19,500.98,4999.13
Premium Shopper,Supermarkets ,Salesperson,24380068.56,8884,2744.27,500.23,4999.55
Premium Shopper,Supermarkets ,Senior Salesperson,21619815.02,7856,2752.01,500.31,4998.23
