brand,campaign_name,sum_amount,count,avg_amount,min_amount,max_amount
Adidas,12 Days of Deals,3789123.91,1378,2749.73,501.08,4998.46
Adidas,Autumn Deals Drive,3781757.76,1366,2768.49,500.33,4998.38
Adidas,BOGO Blitz,3732588.22,1343,2779.29,500.64,4998.71
Adidas,Back to School Boost,3746238.83,1379,2716.63,501.04,4999.86
Adidas,Birthday Bash Sale,3545776.60,1291,2746.53,500.58,4998.00
Adidas,Black Friday Blowout,3791988.53,1368,2771.92,502.05,4994.34
Adidas,Cart Crasher Campaign,3651558.63,1310,2787.45,512.46,4994.25
Adidas,Cashback Carnival,3621973.23,1326,2731.50,502.29,4994.16
Adidas,Clearance Countdown,3533742.16,1306,2705.78,500.53,4998.56
Adidas,Countdown to Savings,3613582.45,1315,2747.97,501.16,4996.97
Adidas,Customer Appreciation Week,3776023.89,1359,2778.53,503.78,4994.47
Adidas,Cyber Monday Mania,3647523.02,1308,2788.63,508.76,4999.05
Adidas,Deal of the Month,3426893.72,1255,2730.59,504.75,4999.41
Adidas,Double Points Bonanza,3485670.05,1263,2759.83,502.14,4996.56
Adidas,Early Bird Specials,3712125.46,1335,2780.62,504.93,4998.17
Adidas,End of Season Sale,3577401.60,1304,2743.41,507.77,4997.48
Adidas,Exclusive Insider Offers,3724799.55,1336,2788.02,503.34,4991.28
Adidas,Festive Fever Promo,3698320.30,1334,2772.35,504.43,4991.54
Adidas,Final Call Frenzy,3674673.35,1332,2758.76,501.90,4999.33
Adidas,Flash Frenzy Friday,3487724.66,1299,2684.93,501.20,4997.00
Adidas,"Gift More, Spend Less",3630009.48,1323,2743.77,504.14,4994.22
Adidas,Golden Hour Bargains,3633396.37,1342,2707.45,503.10,4999.76
Adidas,Green Weekend Deals,3472826.99,1265,2745.32,501.10,4999.76
Adidas,Happy Hour Discounts,3515176.76,1269,2770.04,502.86,4994.51
Adidas,Holiday Shopping Rush,3548458.21,1308,2712.89,506.26,4998.34
Adidas,Hot Picks Promo,3764645.63,1353,2782.44,505.94,4990.00
Adidas,Instant Gratification Sale,3713655.19,1323,2807.00,500.89,4998.40
Adidas,Limited Time Treasures,3477483.28,1266,2746.83,500.43,4999.38
Adidas,Loyalty Rewards Blast,3552921.76,1285,2764.92,502.35,4993.88
Adidas,Mega Weekend Bonanza,3659091.82,1330,2751.20,508.93,4996.59
Adidas,Mid-Year Madness,3542825.09,1317,2690.07,501.32,4991.43
Adidas,Midnight Madness,3664959.96,1314,2789.16,500.23,4994.43
Adidas,Mystery Discount Days,3556998.24,1301,2734.05,500.17,4998.07
Adidas,New Arrival Showcase,3722416.43,1329,2800.92,501.06,4997.59
Adidas,New Product Launch Promo,3618612.44,1304,2775.01,500.73,4999.95
Adidas,New Year Kickoff,3502717.04,1291,2713.18,502.81,4995.24
Adidas,Price Drop Parade,3571790.72,1305,2737.00,503.07,4992.13
Adidas,Red Tag Clearance,3803308.60,1346,2825.64,504.13,4995.28
Adidas,Seasonal Surprise Box,3639307.90,1330,2736.32,500.11,4992.17
Adidas,Shop & Save Spectacular,3669486.21,1328,2763.17,503.19,4995.87
Adidas,Smart Shopper Week,3746693.18,1373,2728.84,507.17,4999.86
Adidas,Spring Refresh Event,3648774.43,1328,2747.57,506.81,4999.78
Adidas,Spring Splash Discounts,3584964.98,1326,2703.59,500.46,4998.18
Adidas,Summer Sizzle Promo,3733714.23,1345,2776.00,501.65,4998.80
Adidas,Super Savings Week,3630003.63,1326,2737.56,501.26,4998.86
Adidas,Ultimate Value Event,3680009.88,1349,2727.95,501.61,4998.36
Adidas,VIP Access Sale,3643507.36,1310,2781.30,506.38,4996.65
Adidas,Weekend Warrior Specials,3803830.35,1399,2718.96,501.48,4998.83
Adidas,Winter Clearance Carnival,3851824.29,1383,2785.12,509.53,4997.18
Adidas,Winter Wonders Sale,3486063.00,1296,2689.86,504.80,4996.30
Amul,12 Days of Deals,1954778.11,701,2788.56,507.40,4998.30
Amul,Autumn Deals Drive,1865148.40,672,2775.52,502.75,4999.80
Amul,BOGO Blitz,1815176.84,644,2818.60,508.02,4986.67
Amul,Back to School Boost,1710115.90,637,2684.64,510.22,4998.07
Amul,Birthday Bash Sale,1783791.15,649,2748.52,504.89,4991.73
Amul,Black Friday Blowout,1703514.35,645,2641.11,505.81,4987.21
Amul,Cart Crasher Campaign,1786885.72,641,2787.65,503.17,4980.36
Amul,Cashback Carnival,1851451.92,679,2726.73,504.64,4990.08
Amul,Clearance Countdown,1999457.86,708,2824.09,512.75,4996.54
Amul,Countdown to Savings,1944747.09,688,2826.67,514.73,4996.12
Amul,Customer Appreciation Week,1833510.38,661,2773.84,501.25,4985.65
Amul,Cyber Monday Mania,1837590.10,685,2682.61,504.57,4996.97
Amul,Deal of the Month,1686398.11,622,2711.25,504.17,4994.21
Amul,Double Points Bonanza,1863393.85,683,2728.25,501.88,4996.36
Amul,Early Bird Specials,1657253.59,621,2668.69,506.38,4998.19
Amul,End of Season Sale,1763433.51,641,2751.07,504.05,4996.71
Amul,Exclusive Insider Offers,1790424.60,662,2704.57,519.26,4995.02
Amul,Festive Fever Promo,1701407.89,630,2700.65,502.25,4980.61
Amul,Final Call Frenzy,1757170.55,664,2646.34,509.79,4994.94
Amul,Flash Frenzy Friday,1930851.14,682,2831.16,501.88,4990.59
Amul,"Gift More, Spend Less",1928454.58,712,2708.50,504.23,4994.74
Amul,Golden Hour Bargains,1730611.95,651,2658.39,504.10,4987.95
Amul,Green Weekend Deals,1861559.37,672,2770.18,500.26,4994.70
Amul,Happy Hour Discounts,1927687.22,709,2718.88,507.68,4995.48
Amul,Holiday Shopping Rush,1902890.52,691,2753.82,504.65,4996.88
Amul,Hot Picks Promo,1736552.20,648,2679.86,522.20,4991.62
Amul,Instant Gratification Sale,1805798.46,679,2659.50,501.41,4994.91
Amul,Limited Time Treasures,1783039.51,633,2816.81,500.84,4986.97
Amul,Loyalty Rewards Blast,1929488.03,708,2725.27,504.51,4995.73
Amul,Mega Weekend Bonanza,1883123.50,670,2810.63,501.33,4975.12
Amul,Mid-Year Madness,1834848.88,664,2763.33,503.67,4970.79
Amul,Midnight Madness,1772778.57,670,2645.94,500.95,4998.10
Amul,Mystery Discount Days,1866679.30,666,2802.82,501.42,4991.87
Amul,New Arrival Showcase,1904414.57,686,2776.11,505.84,4997.29
Amul,New Product Launch Promo,1820127.60,667,2728.83,512.57,4998.84
Amul,New Year Kickoff,1745727.16,648,2694.02,515.94,4996.25
Amul,Price Drop Parade,1816131.18,653,2781.21,501.52,4984.55
Amul,Red Tag Clearance,1838693.72,674,2728.03,506.29,4993.78
Amul,Seasonal Surprise Box,1716202.69,638,2689.97,525.07,4989.05
Amul,Shop & Save Spectacular,1864830.32,681,2738.37,515.39,4991.95
Amul,Smart Shopper Week,1950459.41,703,2774.48,514.94,4993.62
Amul,Spring Refresh Event,1882086.94,657,2864.67,512.88,4974.41
Amul,Spring Splash Discounts,1902933.51,693,2745.94,509.39,4986.07
Amul,Summer Sizzle Promo,1791698.32,666,2690.24,503.45,4988.04
Amul,Super Savings Week,1869605.53,661,2828.45,505.59,4998.98
Amul,Ultimate Value Event,1886184.46,660,2857.86,500.47,4993.94
Amul,VIP Access Sale,1852322.94,690,2684.53,503.17,4982.39
Amul,Weekend Warrior Specials,1781080.05,664,2682.35,500.62,4994.22
Amul,Winter Clearance Carnival,1821176.74,661,2755.18,504.18,4993.64
Amul,Winter Wonders Sale,1843098.94,678,2718.44,505.32,4995.64
Apple,12 Days of Deals,1735598.19,647,2682.53,510.31,4987.59
Apple,Autumn Deals Drive,1762668.52,634,2780.23,518.47,4985.10
Apple,BOGO Blitz,1605914.19,607,2645.66,507.85,4998.43
Apple,Back to School Boost,1779453.31,657,2708.45,501.01,4991.54
Apple,Birthday Bash Sale,1844300.39,665,2773.38,504.53,4995.40
Apple,Black Friday Blowout,1895043.16,699,2711.08,511.49,4994.08
Apple,Cart Crasher Campaign,1872074.84,679,2757.11,508.39,4998.84
Apple,Cashback Carnival,1800529.14,644,2795.85,500.55,4992.85
Apple,Clearance Countdown,1819836.50,649,2804.06,510.87,4982.48
Apple,Countdown to Savings,1815241.32,683,2657.75,500.60,4989.61
Apple,Customer Appreciation Week,1871761.80,676,2768.88,507.42,4998.63
Apple,Cyber Monday Mania,1803359.09,663,2720.00,518.12,4990.26
Apple,Deal of the Month,1856866.23,661,2809.18,507.33,4999.96
Apple,Double Points Bonanza,1642719.90,603,2724.25,500.80,4999.96
Apple,Early Bird Specials,1709490.02,644,2654.49,503.12,4982.24
Apple,End of Season Sale,1838754.05,665,2765.04,504.05,4997.96
Apple,Exclusive Insider Offers,1901157.42,694,2739.42,526.79,4997.92
Apple,Festive Fever Promo,1793902.21,653,2747.17,500.64,4994.26
Apple,Final Call Frenzy,1829661.44,672,2722.71,500.25,4992.74
Apple,Flash Frenzy Friday,1657452.68,615,2695.05,505.17,4990.29
Apple,"Gift More, Spend Less",1693251.00,632,2679.19,508.46,4993.33
Apple,Golden Hour Bargains,1755075.18,640,2742.30,502.34,4996.32
Apple,Green Weekend Deals,1782631.89,640,2785.36,508.03,4999.77
Apple,Happy Hour Discounts,1858785.90,665,2795.17,521.65,4993.94
Apple,Holiday Shopping Rush,1790178.81,646,2771.17,500.26,4991.74
Apple,Hot Picks Promo,1842840.73,661,2787.96,505.53,4995.24
Apple,Instant Gratification Sale,1866136.68,696,2681.23,501.85,4996.98
Apple,Limited Time Treasures,1840906.10,677,2719.21,502.69,4977.48
Apple,Loyalty Rewards Blast,1875819.15,679,2762.62,508.20,4996.70
Apple,Mega Weekend Bonanza,1829229.46,661,2767.37,504.97,4977.51
Apple,Mid-Year Madness,1734590.46,626,2770.91,505.44,4993.10
Apple,Midnight Madness,1846578.46,670,2756.09,514.32,4999.83
Apple,Mystery Discount Days,1855722.40,649,2859.36,500.77,4996.73
Apple,New Arrival Showcase,1892884.22,682,2775.49,508.74,4999.20
Apple,New Product Launch Promo,1950268.70,730,2671.60,511.01,4989.38
Apple,New Year Kickoff,1942070.89,700,2774.39,503.50,4996.42
Apple,Price Drop Parade,1833918.10,657,2791.35,511.56,4996.99
Apple,Red Tag Clearance,1825491.21,663,2753.38,501.68,4991.96
Apple,Seasonal Surprise Box,1930084.49,703,2745.50,500.70,4997.26
Apple,Shop & Save Spectacular,1852773.27,676,2740.79,503.16,4994.26
Apple,Smart Shopper Week,1956030.42,706,2770.58,504.91,4999.52
Apple,Spring Refresh Event,1960118.62,687,2853.16,509.24,4998.88
Apple,Spring Splash Discounts,1841204.32,654,2815.30,508.55,4998.48
Apple,Summer Sizzle Promo,1681496.25,614,2738.59,501.20,4995.70
Apple,Super Savings Week,1814788.12,660,2749.68,527.66,4996.76
Apple,Ultimate Value Event,1808430.69,644,2808.12,519.49,4999.80
Apple,VIP Access Sale,1912329.92,695,2751.55,503.41,4994.23
Apple,Weekend Warrior Specials,1813828.26,674,2691.14,506.54,4986.26
Apple,Winter Clearance Carnival,1885940.05,708,2663.76,511.37,4995.16
Apple,Winter Wonders Sale,1798998.19,653,2754.97,533.84,4991.72
Bosch,12 Days of Deals,1693270.12,660,2565.56,504.11,4999.32
Bosch,Autumn Deals Drive,1766554.13,663,2664.49,506.50,4997.76
Bosch,BOGO Blitz,1729938.86,639,2707.26,503.66,4997.47
Bosch,Back to School Boost,1770863.87,651,2720.22,500.13,4992.97
Bosch,Birthday Bash Sale,1736387.03,657,2642.90,526.70,4996.94
Bosch,Black Friday Blowout,1713121.89,641,2672.58,508.64,4973.40
Bosch,Cart Crasher Campaign,1758629.36,634,2773.86,507.03,4994.64
Bosch,Cashback Carnival,1787415.85,651,2745.65,513.18,4991.33
Bosch,Clearance Countdown,1818310.55,675,2693.79,501.02,4995.95
Bosch,Countdown to Savings,1705201.46,619,2754.77,502.22,4999.30
Bosch,Customer Appreciation Week,1793689.40,662,2709.50,502.07,4990.07
Bosch,Cyber Monday Mania,1837223.62,672,2733.96,502.91,4994.48
Bosch,Deal of the Month,1788475.77,654,2734.67,501.60,4986.31
Bosch,Double Points Bonanza,1905328.65,699,2725.79,503.85,4998.02
Bosch,Early Bird Specials,1917294.97,702,2731.19,502.49,4995.57
Bosch,End of Season Sale,1863336.95,690,2700.49,512.22,4999.19
Bosch,Exclusive Insider Offers,1791857.28,641,2795.41,503.97,4998.02
Bosch,Festive Fever Promo,1846397.03,682,2707.33,500.98,4991.17
Bosch,Final Call Frenzy,1959362.26,703,2787.14,516.35,4989.24
Bosch,Flash Frenzy Friday,1868150.68,687,2719.29,504.30,4988.13
Bosch,"Gift More, Spend Less",1813663.91,674,2690.90,515.29,4961.67
Bosch,Golden Hour Bargains,1727999.39,622,2778.13,500.65,4990.85
Bosch,Green Weekend Deals,1893873.86,692,2736.81,503.05,4996.73
Bosch,Happy Hour Discounts,1886368.39,684,2757.85,504.73,4994.66
Bosch,Holiday Shopping Rush,1700310.67,618,2751.31,512.78,4986.26
Bosch,Hot Picks Promo,1843928.41,689,2676.24,503.76,4994.98
Bosch,Instant Gratification Sale,1849587.25,680,2719.98,508.53,4979.59
Bosch,Limited Time Treasures,1880323.74,713,2637.20,503.29,4986.23
Bosch,Loyalty Rewards Blast,1672552.72,611,2737.40,502.39,4998.98
Bosch,Mega Weekend Bonanza,1758951.93,665,2645.04,508.82,4995.11
Bosch,Mid-Year Madness,1871274.21,672,2784.63,504.23,4992.45
Bosch,Midnight Madness,1746265.87,637,2741.39,502.75,4995.31
Bosch,Mystery Discount Days,1715874.69,623,2754.21,503.19,4994.86
Bosch,New Arrival Showcase,1837889.79,683,2690.91,524.04,4998.09
Bosch,New Product Launch Promo,1961612.12,709,2766.73,500.80,4978.16
Bosch,New Year Kickoff,1647317.86,617,2669.88,500.10,4989.14
Bosch,Price Drop Parade,2012713.14,712,2826.84,507.80,4992.73
Bosch,Red Tag Clearance,1813235.79,662,2739.03,500.88,4998.91
Bosch,Seasonal Surprise Box,1816632.36,672,2703.32,505.59,4998.61
Bosch,Shop & Save Spectacular,1781830.14,645,2762.53,516.11,4993.98
Bosch,Smart Shopper Week,1775219.02,648,2739.54,510.10,4991.04
Bosch,Spring Refresh Event,1800652.50,674,2671.59,501.78,4981.60
Bosch,Spring Splash Discounts,1858432.04,670,2773.78,503.39,4999.80
Bosch,Summer Sizzle Promo,1903368.80,672,2832.39,505.55,4998.36
Bosch,Super Savings Week,1922719.03,704,2731.13,501.99,4985.30
Bosch,Ultimate Value Event,1853542.44,682,2717.80,501.78,4998.56
Bosch,VIP Access Sale,1876813.17,678,2768.16,500.66,4983.36
Bosch,Weekend Warrior Specials,1761448.12,646,2726.70,505.78,4987.65
Bosch,Winter Clearance Carnival,1811641.75,635,2852.98,502.95,4991.75
Bosch,Winter Wonders Sale,1767636.47,655,2698.68,513.89,4999.74
Britannia,12 Days of Deals,1890049.44,690,2739.20,502.31,4998.87
Britannia,Autumn Deals Drive,1926406.80,688,2800.01,521.41,4996.15
Britannia,BOGO Blitz,1825045.59,653,2794.86,527.21,4995.11
Britannia,Back to School Boost,1870581.26,674,2775.34,500.43,4996.41
Britannia,Birthday Bash Sale,1813480.81,646,2807.25,505.10,4997.17
Britannia,Black Friday Blowout,1714298.77,618,2773.95,511.36,4997.76
Britannia,Cart Crasher Campaign,1786344.90,652,2739.79,514.48,4993.97
Britannia,Cashback Carnival,1818119.99,673,2701.52,510.20,4995.88
Britannia,Clearance Countdown,1920665.98,674,2849.65,509.31,4995.69
Britannia,Countdown to Savings,1771893.21,657,2696.95,500.65,4993.99
Britannia,Customer Appreciation Week,1744300.74,630,2768.73,502.48,4997.84
Britannia,Cyber Monday Mania,1780163.71,659,2701.31,504.09,4999.83
Britannia,Deal of the Month,1803072.12,680,2651.58,503.27,4990.87
Britannia,Double Points Bonanza,1786009.36,664,2689.77,509.38,4996.21
Britannia,Early Bird Specials,1827547.37,676,2703.47,508.69,4998.24
Britannia,End of Season Sale,1831291.50,667,2745.56,503.49,4992.46
Britannia,Exclusive Insider Offers,1822262.83,669,2723.86,504.77,4998.29
Britannia,Festive Fever Promo,1723921.17,658,2619.94,507.70,4995.96
Britannia,Final Call Frenzy,1721301.39,639,2693.74,509.45,4987.51
Britannia,Flash Frenzy Friday,1777010.89,648,2742.30,511.49,4971.18
Britannia,"Gift More, Spend Less",1779126.93,658,2703.84,511.37,4988.51
Britannia,Golden Hour Bargains,1880387.66,676,2781.64,504.64,4999.35
Britannia,Green Weekend Deals,1800100.91,654,2752.45,503.85,4986.11
Britannia,Happy Hour Discounts,1736280.66,608,2855.72,500.75,4998.94
Britannia,Holiday Shopping Rush,1808404.09,672,2691.08,531.37,4996.87
Britannia,Hot Picks Promo,1819726.87,679,2680.01,500.98,4992.31
Britannia,Instant Gratification Sale,1935382.50,678,2854.55,503.24,4988.57
Britannia,Limited Time Treasures,1844478.29,678,2720.47,508.03,4985.97
Britannia,Loyalty Rewards Blast,1763700.38,647,2725.97,547.44,4993.48
Britannia,Mega Weekend Bonanza,1632563.03,607,2689.56,507.42,4994.82
Britannia,Mid-Year Madness,1775602.37,649,2735.91,512.41,4982.61
Britannia,Midnight Madness,1825714.18,684,2669.17,502.72,4999.95
Britannia,Mystery Discount Days,1749052.66,659,2654.10,500.94,4999.16
Britannia,New Arrival Showcase,1932225.89,697,2772.20,502.57,4996.06
Britannia,New Product Launch Promo,1795015.67,667,2691.18,502.18,4996.19
Britannia,New Year Kickoff,1715726.21,649,2643.65,508.27,4996.56
Britannia,Price Drop Parade,1776923.91,641,2772.11,509.15,4996.09
Britannia,Red Tag Clearance,1690136.86,625,2704.22,504.16,4995.93
Britannia,Seasonal Surprise Box,1865491.33,655,2848.08,500.56,4991.34
Britannia,Shop & Save Spectacular,1810304.09,646,2802.33,523.23,4973.31
Britannia,Smart Shopper Week,1787208.19,654,2732.73,511.85,4999.40
Britannia,Spring Refresh Event,1933242.23,675,2864.06,521.49,4995.73
Britannia,Spring Splash Discounts,1764861.79,644,2740.47,506.84,4988.22
Britannia,Summer Sizzle Promo,1886971.80,679,2779.05,516.31,4998.54
Britannia,Super Savings Week,1804034.99,653,2762.69,507.93,4990.76
Britannia,Ultimate Value Event,1738971.37,636,2734.23,509.73,4987.11
Britannia,VIP Access Sale,1903024.91,705,2699.33,500.31,4993.43
Britannia,Weekend Warrior Specials,1844001.85,682,2703.82,522.41,4993.10
Britannia,Winter Clearance Carnival,1824676.00,649,2811.52,503.43,4996.82
Britannia,Winter Wonders Sale,1808289.27,665,2719.23,505.12,4999.56
Decathlon,12 Days of Deals,1726240.52,647,2668.07,508.37,4985.06
Decathlon,Autumn Deals Drive,1726676.75,633,2727.77,503.74,4990.55
Decathlon,BOGO Blitz,1774679.10,647,2742.94,514.68,4997.17
Decathlon,Back to School Boost,1908742.65,687,2778.37,515.62,4988.23
Decathlon,Birthday Bash Sale,1865872.58,661,2822.80,501.68,4990.77
Decathlon,Black Friday Blowout,1792471.75,658,2724.12,500.60,4990.38
Decathlon,Cart Crasher Campaign,1867153.67,690,2706.02,504.84,4997.58
Decathlon,Cashback Carnival,1747639.94,649,2692.82,500.39,4996.22
Decathlon,Clearance Countdown,1806206.23,664,2720.19,501.31,4995.72
Decathlon,Countdown to Savings,1848563.37,687,2690.78,500.09,4994.28
Decathlon,Customer Appreciation Week,1980304.43,706,2804.96,531.10,4994.09
Decathlon,Cyber Monday Mania,1752173.57,644,2720.77,501.43,4995.64
Decathlon,Deal of the Month,1845019.11,659,2799.73,503.70,4999.17
Decathlon,Double Points Bonanza,1805937.12,660,2736.27,502.80,4996.95
Decathlon,Early Bird Specials,1855813.05,677,2741.23,524.55,4997.07
Decathlon,End of Season Sale,1792828.06,666,2691.93,509.18,4999.05
Decathlon,Exclusive Insider Offers,1881532.26,662,2842.19,524.76,4999.97
Decathlon,Festive Fever Promo,1833586.80,662,2769.77,506.01,4997.72
Decathlon,Final Call Frenzy,1861150.98,660,2819.93,510.70,4998.08
Decathlon,Flash Frenzy Friday,1849030.57,695,2660.48,501.01,4996.10
Decathlon,"Gift More, Spend Less",1917745.48,728,2634.27,500.46,4996.60
Decathlon,Golden Hour Bargains,2045958.16,741,2761.08,506.18,4995.64
Decathlon,Green Weekend Deals,1777466.11,646,2751.50,521.12,4985.58
Decathlon,Happy Hour Discounts,1914953.97,672,2849.63,500.42,4989.33
Decathlon,Holiday Shopping Rush,1869435.31,680,2749.17,514.08,4997.18
Decathlon,Hot Picks Promo,1662771.89,628,2647.73,504.54,4994.34
Decathlon,Instant Gratification Sale,1831863.91,654,2801.02,523.68,4998.94
Decathlon,Limited Time Treasures,1805670.58,677,2667.16,513.55,4983.80
Decathlon,Loyalty Rewards Blast,1806642.52,662,2729.07,500.22,4985.62
Decathlon,Mega Weekend Bonanza,1860211.43,672,2768.17,500.15,4995.42
Decathlon,Mid-Year Madness,1963871.00,711,2762.13,509.74,4999.49
Decathlon,Midnight Madness,1753746.08,637,2753.13,501.16,4994.22
Decathlon,Mystery Discount Days,1782572.18,632,2820.53,508.52,4979.54
Decathlon,New Arrival Showcase,1921724.12,675,2847.00,506.47,4991.35
Decathlon,New Product Launch Promo,1730696.06,638,2712.69,503.51,4989.97
Decathlon,New Year Kickoff,1782509.15,653,2729.72,501.31,4997.16
Decathlon,Price Drop Parade,1693675.66,634,2671.41,500.07,4991.46
Decathlon,Red Tag Clearance,1858833.63,667,2786.86,500.15,4981.94
Decathlon,Seasonal Surprise Box,1804484.95,661,2729.93,539.15,4992.97
Decathlon,Shop & Save Spectacular,1816129.37,666,2726.92,502.57,4996.23
Decathlon,Smart Shopper Week,1900653.53,693,2742.65,505.62,4995.51
Decathlon,Spring Refresh Event,1922340.39,680,2826.97,500.56,4992.08
Decathlon,Spring Splash Discounts,1927665.58,693,2781.62,508.67,4991.41
Decathlon,Summer Sizzle Promo,1886138.71,706,2671.58,502.21,4991.16
Decathlon,Super Savings Week,1902534.16,665,2860.95,501.50,4999.25
Decathlon,Ultimate Value Event,1877596.22,680,2761.17,510.52,4996.78
Decathlon,VIP Access Sale,1703757.47,616,2765.84,500.51,4993.65
Decathlon,Weekend Warrior Specials,1722696.38,635,2712.91,514.80,4989.44
Decathlon,Winter Clearance Carnival,1979211.75,713,2775.89,506.66,4999.77
Decathlon,Winter Wonders Sale,1706240.77,620,2752.00,503.85,4993.77
Godrej Interio,12 Days of Deals,1761838.20,641,2748.58,513.03,4998.57
Godrej Interio,Autumn Deals Drive,1724303.07,648,2660.96,503.92,4999.01
Godrej Interio,BOGO Blitz,1937218.75,701,2763.51,503.27,4993.32
Godrej Interio,Back to School Boost,1836433.15,680,2700.64,503.95,4985.54
Godrej Interio,Birthday Bash Sale,1761958.41,643,2740.22,504.51,4991.81
Godrej Interio,Black Friday Blowout,1873317.19,691,2711.02,500.23,4995.43
Godrej Interio,Cart Crasher Campaign,1857070.97,679,2735.01,508.04,4992.17
Godrej Interio,Cashback Carnival,1965192.96,693,2835.78,503.47,4994.56
Godrej Interio,Clearance Countdown,1851274.91,665,2783.87,500.68,4992.67
Godrej Interio,Countdown to Savings,1853056.97,659,2811.92,505.04,4997.06
Godrej Interio,Customer Appreciation Week,1767180.75,673,2625.83,504.82,4994.87
Godrej Interio,Cyber Monday Mania,1674406.29,606,2763.05,518.33,4994.23
Godrej Interio,Deal of the Month,1817816.30,663,2741.80,518.45,4999.17
Godrej Interio,Double Points Bonanza,1863992.41,666,2798.79,521.42,4973.00
Godrej Interio,Early Bird Specials,1820839.73,675,2697.54,509.67,4996.61
Godrej Interio,End of Season Sale,1838505.65,670,2744.04,504.42,4986.81
Godrej Interio,Exclusive Insider Offers,1739875.99,636,2735.65,501.18,4996.56
Godrej Interio,Festive Fever Promo,1917206.12,697,2750.65,501.32,4992.74
Godrej Interio,Final Call Frenzy,1740634.95,625,2785.02,507.44,4991.12
Godrej Interio,Flash Frenzy Friday,1900456.24,686,2770.34,504.49,4995.77
Godrej Interio,"Gift More, Spend Less",1652770.81,625,2644.43,510.42,4997.34
Godrej Interio,Golden Hour Bargains,1779319.54,642,2771.53,503.86,4994.26
Godrej Interio,Green Weekend Deals,1668306.01,640,2606.73,533.15,4982.78
Godrej Interio,Happy Hour Discounts,1763592.90,651,2709.05,501.14,4989.55
Godrej Interio,Holiday Shopping Rush,1772625.77,649,2731.32,508.47,4996.98
Godrej Interio,Hot Picks Promo,1970451.59,697,2827.05,503.85,4992.57
Godrej Interio,Instant Gratification Sale,1818311.30,662,2746.69,506.86,4992.46
Godrej Interio,Limited Time Treasures,1964610.69,741,2651.30,509.42,4997.24
Godrej Interio,Loyalty Rewards Blast,1840464.61,693,2655.79,500.38,4979.86
Godrej Interio,Mega Weekend Bonanza,1865810.96,690,2704.07,503.48,4979.63
Godrej Interio,Mid-Year Madness,1760705.13,646,2725.55,516.15,4999.77
Godrej Interio,Midnight Madness,1904564.26,682,2792.62,504.76,4994.08
Godrej Interio,Mystery Discount Days,1915820.03,699,2740.80,502.26,4995.76
Godrej Interio,New Arrival Showcase,1959067.72,703,2786.73,510.39,4999.20
Godrej Interio,New Product Launch Promo,1900511.03,708,2684.34,501.02,4999.40
Godrej Interio,New Year Kickoff,2030129.73,722,2811.81,501.02,4998.10
Godrej Interio,Price Drop Parade,1760787.64,617,2853.79,506.58,4997.34
Godrej Interio,Red Tag Clearance,1850062.60,657,2815.92,503.77,4992.46
Godrej Interio,Seasonal Surprise Box,1813642.84,669,2710.98,503.81,4998.58
Godrej Interio,Shop & Save Spectacular,1859955.32,667,2788.54,507.30,4998.08
Godrej Interio,Smart Shopper Week,1672507.83,625,2676.01,502.89,4994.01
Godrej Interio,Spring Refresh Event,1764894.02,658,2682.21,505.77,4997.69
Godrej Interio,Spring Splash Discounts,1911150.04,683,2798.17,511.71,4999.44
Godrej Interio,Summer Sizzle Promo,1729764.76,638,2711.23,507.16,4985.90
Godrej Interio,Super Savings Week,1904995.52,696,2737.06,508.26,4995.00
Godrej Interio,Ultimate Value Event,1739565.88,640,2718.07,502.47,4998.80
Godrej Interio,VIP Access Sale,1702286.75,622,2736.80,511.16,4990.62
Godrej Interio,Weekend Warrior Specials,1814096.47,665,2727.96,501.67,4999.65
Godrej Interio,Winter Clearance Carnival,1779645.77,655,2717.02,502.61,4996.65
Godrej Interio,Winter Wonders Sale,1902949.97,691,2753.91,502.50,4989.40
Haier,12 Days of Deals,1854071.51,662,2800.71,509.06,4997.95
Haier,Autumn Deals Drive,1828160.86,696,2626.67,501.18,4997.36
Haier,BOGO Blitz,1891220.52,681,2777.12,502.46,4993.38
Haier,Back to School Boost,1803221.68,640,2817.53,512.31,4995.75
Haier,Birthday Bash Sale,1900772.77,697,2727.08,503.22,4992.41
Haier,Black Friday Blowout,1789798.93,653,2740.89,519.94,4999.91
Haier,Cart Crasher Campaign,1857148.27,666,2788.51,503.85,4998.05
Haier,Cashback Carnival,1830574.38,670,2732.20,505.90,4985.94
Haier,Clearance Countdown,1777941.67,639,2782.38,522.18,4989.53
Haier,Countdown to Savings,1825982.84,675,2705.16,500.39,4996.58
Haier,Customer Appreciation Week,1883641.67,687,2741.84,507.64,4988.67
Haier,Cyber Monday Mania,1727533.20,631,2737.77,504.75,4983.64
Haier,Deal of the Month,1830779.74,650,2816.58,501.47,4997.58
Haier,Double Points Bonanza,1835040.37,666,2755.32,522.00,4989.32
Haier,Early Bird Specials,2054582.57,737,2787.76,503.37,4999.06
Haier,End of Season Sale,1968752.11,706,2788.60,512.52,4983.83
Haier,Exclusive Insider Offers,1760327.33,635,2772.17,502.55,4998.93
Haier,Festive Fever Promo,1899397.09,696,2729.02,500.36,4996.92
Haier,Final Call Frenzy,1917217.04,683,2807.05,510.19,4991.35
Haier,Flash Frenzy Friday,1987753.59,706,2815.52,506.15,4996.85
Haier,"Gift More, Spend Less",1782620.41,647,2755.21,503.14,4998.06
Haier,Golden Hour Bargains,1783277.12,659,2706.04,500.66,4992.15
Haier,Green Weekend Deals,1861332.89,674,2761.62,516.25,4995.08
Haier,Happy Hour Discounts,1848951.89,695,2660.36,501.43,4992.76
Haier,Holiday Shopping Rush,1853750.53,675,2746.30,501.74,4997.27
Haier,Hot Picks Promo,1960256.49,714,2745.46,500.05,4991.08
Haier,Instant Gratification Sale,1845615.26,680,2714.14,517.08,4997.94
Haier,Limited Time Treasures,1683915.83,631,2668.65,510.26,4970.34
Haier,Loyalty Rewards Blast,1943917.10,716,2714.97,502.48,4996.51
Haier,Mega Weekend Bonanza,1726844.51,616,2803.32,502.05,4992.43
Haier,Mid-Year Madness,1745109.94,643,2714.01,500.33,4993.47
Haier,Midnight Madness,1829593.22,667,2743.02,549.61,4979.63
Haier,Mystery Discount Days,1798826.59,644,2793.21,502.59,4993.56
Haier,New Arrival Showcase,1794265.56,674,2662.12,501.45,4996.75
Haier,New Product Launch Promo,1902899.06,701,2714.55,505.85,4997.06
Haier,New Year Kickoff,1785638.97,646,2764.15,502.92,4984.54
Haier,Price Drop Parade,1779263.09,669,2659.59,512.13,4987.17
Haier,Red Tag Clearance,1712822.02,631,2714.46,534.32,4996.14
Haier,Seasonal Surprise Box,1974190.43,698,2828.35,515.41,4998.82
Haier,Shop & Save Spectacular,1825467.90,665,2745.06,509.98,4951.29
Haier,Smart Shopper Week,1849469.72,674,2744.02,524.75,4992.18
Haier,Spring Refresh Event,1770986.89,633,2797.77,519.51,4983.41
Haier,Spring Splash Discounts,1949459.32,715,2726.52,504.57,4998.92
Haier,Summer Sizzle Promo,1750258.01,635,2756.31,500.57,4994.55
Haier,Super Savings Week,1587291.14,592,2681.24,500.00,4974.82
Haier,Ultimate Value Event,1796539.60,663,2709.71,523.68,4999.84
Haier,VIP Access Sale,1808935.81,664,2724.30,500.69,4994.82
Haier,Weekend Warrior Specials,1793783.38,659,2721.98,518.68,4995.52
Haier,Winter Clearance Carnival,1898920.01,672,2825.77,505.24,4998.49
Haier,Winter Wonders Sale,1851038.49,688,2690.46,500.27,4985.21
Home Centre,12 Days of Deals,1967736.36,705,2791.12,511.57,4983.81
Home Centre,Autumn Deals Drive,1874724.34,679,2761.01,514.26,4996.10
Home Centre,BOGO Blitz,1857782.67,662,2806.32,526.54,4988.57
Home Centre,Back to School Boost,1811047.43,655,2764.96,501.66,4982.20
Home Centre,Birthday Bash Sale,1807669.43,650,2781.03,511.57,4999.90
Home Centre,Black Friday Blowout,1849755.02,668,2769.09,504.85,4998.42
Home Centre,Cart Crasher Campaign,1839884.40,669,2750.20,510.50,4998.52
Home Centre,Cashback Carnival,1951825.29,697,2800.32,500.92,4994.06
Home Centre,Clearance Countdown,1871639.61,667,2806.06,500.93,4985.80
Home Centre,Countdown to Savings,1859497.52,673,2763.00,502.09,4996.16
Home Centre,Customer Appreciation Week,1756720.28,657,2673.85,504.04,4997.65
Home Centre,Cyber Monday Mania,1747091.30,650,2687.83,500.56,4972.73
Home Centre,Deal of the Month,1841651.80,687,2680.72,503.22,4996.19
Home Centre,Double Points Bonanza,1865112.96,670,2783.75,509.59,4999.60
Home Centre,Early Bird Specials,1873893.39,686,2731.62,506.72,4996.66
Home Centre,End of Season Sale,1780072.73,637,2794.46,501.93,4987.50
Home Centre,Exclusive Insider Offers,1695783.41,620,2735.13,510.64,4992.03
Home Centre,Festive Fever Promo,1856990.11,669,2775.77,533.40,4995.46
Home Centre,Final Call Frenzy,1882573.29,668,2818.22,501.98,4996.48
Home Centre,Flash Frenzy Friday,1870437.67,673,2779.25,515.80,4999.30
Home Centre,"Gift More, Spend Less",1790536.36,657,2725.32,501.75,4987.64
Home Centre,Golden Hour Bargains,1696213.12,634,2675.42,502.72,4977.23
Home Centre,Green Weekend Deals,1827712.07,656,2786.15,515.31,4999.33
Home Centre,Happy Hour Discounts,1854120.92,674,2750.92,508.48,4996.28
Home Centre,Holiday Shopping Rush,1841383.20,676,2723.94,514.22,4993.06
Home Centre,Hot Picks Promo,1832434.84,682,2686.85,506.64,4995.54
Home Centre,Instant Gratification Sale,2093864.87,728,2876.19,502.68,4998.90
Home Centre,Limited Time Treasures,1839146.89,659,2790.81,516.63,4989.62
Home Centre,Loyalty Rewards Blast,1856991.59,657,2826.47,500.58,4996.69
Home Centre,Mega Weekend Bonanza,1840598.65,657,2801.52,502.08,4992.81
Home Centre,Mid-Year Madness,1869562.05,686,2725.31,503.37,4999.10
Home Centre,Midnight Madness,1813335.71,656,2764.23,504.23,4998.34
Home Centre,Mystery Discount Days,1717967.51,631,2722.61,508.31,4994.22
Home Centre,New Arrival Showcase,1827311.74,657,2781.30,503.77,4991.45
Home Centre,New Product Launch Promo,1765797.63,639,2763.38,506.40,4996.63
Home Centre,New Year Kickoff,1996978.20,723,2762.07,504.13,4990.71
Home Centre,Price Drop Parade,1936110.89,691,2801.90,514.90,4992.90
Home Centre,Red Tag Clearance,1792577.93,653,2745.14,502.90,4997.86
Home Centre,Seasonal Surprise Box,1849796.71,681,2716.29,503.27,4996.39
Home Centre,Shop & Save Spectacular,1817375.76,658,2761.97,506.96,4998.65
Home Centre,Smart Shopper Week,1980195.69,693,2857.43,503.09,4999.64
Home Centre,Spring Refresh Event,1931947.98,681,2836.93,501.41,4998.45
Home Centre,Spring Splash Discounts,1847290.21,689,2681.12,500.35,4992.41
Home Centre,Summer Sizzle Promo,1975820.33,708,2790.71,506.50,4996.51
Home Centre,Super Savings Week,1743836.02,648,2691.10,504.79,4999.89
Home Centre,Ultimate Value Event,1799767.84,648,2777.42,502.11,4996.74
Home Centre,VIP Access Sale,1918123.09,692,2771.85,500.23,4985.67
Home Centre,Weekend Warrior Specials,1824069.79,664,2747.09,501.07,4998.93
Home Centre,Winter Clearance Carnival,1864156.03,662,2815.95,501.40,4961.65
Home Centre,Winter Wonders Sale,1883752.86,696,2706.54,510.01,4994.81
IKEA,12 Days of Deals,1772183.91,670,2645.05,502.40,4991.30
IKEA,Autumn Deals Drive,1927682.80,701,2749.90,507.41,4993.26
IKEA,BOGO Blitz,1833764.07,679,2700.68,504.41,4987.72
IKEA,Back to School Boost,1944018.24,712,2730.36,505.83,4984.77
IKEA,Birthday Bash Sale,1804457.70,662,2725.77,501.52,4998.56
IKEA,Black Friday Blowout,1945713.75,675,2882.54,508.77,4999.69
IKEA,Cart Crasher Campaign,1854191.48,669,2771.59,501.43,4998.49
IKEA,Cashback Carnival,1845528.73,677,2726.04,503.76,4999.12
IKEA,Clearance Countdown,1878565.17,683,2750.46,505.37,4996.82
IKEA,Countdown to Savings,1835053.16,660,2780.38,539.27,4997.53
IKEA,Customer Appreciation Week,1799412.67,681,2642.31,506.29,4972.06
IKEA,Cyber Monday Mania,1882244.86,666,2826.19,504.38,4991.04
IKEA,Deal of the Month,1788846.48,670,2669.92,506.65,4978.58
IKEA,Double Points Bonanza,1854840.22,669,2772.56,505.59,4996.14
IKEA,Early Bird Specials,1805036.25,666,2710.26,510.66,4996.11
IKEA,End of Season Sale,1705411.22,631,2702.71,500.31,4998.04
IKEA,Exclusive Insider Offers,1820046.80,660,2757.65,501.83,4998.36
IKEA,Festive Fever Promo,1724328.02,647,2665.11,520.70,4998.21
IKEA,Final Call Frenzy,1923642.31,708,2717.01,509.98,4998.78
IKEA,Flash Frenzy Friday,1790092.45,641,2792.66,505.21,4995.61
IKEA,"Gift More, Spend Less",1743551.80,639,2728.56,500.71,4998.02
IKEA,Golden Hour Bargains,1950693.26,692,2818.92,512.00,4995.04
IKEA,Green Weekend Deals,1950178.72,705,2766.21,503.96,4993.14
IKEA,Happy Hour Discounts,1786556.11,654,2731.74,500.31,4998.88
IKEA,Holiday Shopping Rush,1926388.20,691,2787.83,503.97,4997.57
IKEA,Hot Picks Promo,1770863.85,631,2806.44,507.08,4997.56
IKEA,Instant Gratification Sale,1806744.67,643,2809.87,503.56,4978.72
IKEA,Limited Time Treasures,1865168.32,692,2695.33,502.15,4995.00
IKEA,Loyalty Rewards Blast,1852782.01,679,2728.69,503.05,4976.01
IKEA,Mega Weekend Bonanza,1802117.03,650,2772.49,505.20,4993.16
IKEA,Mid-Year Madness,1799129.52,633,2842.23,513.37,4973.50
IKEA,Midnight Madness,1912158.58,691,2767.23,501.83,4993.52
IKEA,Mystery Discount Days,1908937.91,687,2778.66,502.33,4988.12
IKEA,New Arrival Showcase,1736740.98,659,2635.42,508.31,4995.42
IKEA,New Product Launch Promo,1880943.51,683,2753.94,501.50,4996.35
IKEA,New Year Kickoff,1869434.39,668,2798.55,562.41,4996.37
IKEA,Price Drop Parade,1839723.49,667,2758.21,500.06,4992.16
IKEA,Red Tag Clearance,1917483.94,683,2807.44,518.85,4996.34
IKEA,Seasonal Surprise Box,1832537.16,690,2655.85,501.95,4974.45
IKEA,Shop & Save Spectacular,2001486.60,705,2838.99,516.22,4993.27
IKEA,Smart Shopper Week,1855232.17,685,2708.37,508.73,4998.03
IKEA,Spring Refresh Event,2015152.81,710,2838.24,510.54,4995.87
IKEA,Spring Splash Discounts,1823438.70,666,2737.90,502.30,4992.95
IKEA,Summer Sizzle Promo,1773133.63,654,2711.21,511.39,4998.66
IKEA,Super Savings Week,1790724.58,658,2721.47,503.67,4991.69
IKEA,Ultimate Value Event,1793867.60,656,2734.55,502.21,4983.29
IKEA,VIP Access Sale,1699558.75,625,2719.29,506.30,4992.06
IKEA,Weekend Warrior Specials,1785866.24,651,2743.27,501.39,4999.21
IKEA,Winter Clearance Carnival,1915976.16,703,2725.43,505.94,4990.80
IKEA,Winter Wonders Sale,1896242.88,684,2772.28,502.50,4988.05
Kellogg's,12 Days of Deals,1724234.02,618,2790.02,507.87,4995.38
Kellogg's,Autumn Deals Drive,1843871.49,668,2760.29,510.46,4998.64
Kellogg's,BOGO Blitz,1852503.97,665,2785.72,500.98,4998.59
Kellogg's,Back to School Boost,1857439.39,674,2755.84,505.75,4954.16
Kellogg's,Birthday Bash Sale,1743541.62,653,2670.05,509.05,4991.43
Kellogg's,Black Friday Blowout,1754702.91,641,2737.45,502.74,4999.51
Kellogg's,Cart Crasher Campaign,1781876.99,655,2720.42,504.51,4999.82
Kellogg's,Cashback Carnival,1770163.48,653,2710.82,505.38,4995.37
Kellogg's,Clearance Countdown,1910804.50,700,2729.72,508.52,4999.80
Kellogg's,Countdown to Savings,1803450.80,678,2659.96,502.00,4997.39
Kellogg's,Customer Appreciation Week,1890177.08,678,2787.87,500.64,4992.51
Kellogg's,Cyber Monday Mania,1855423.53,675,2748.78,508.82,4998.93
Kellogg's,Deal of the Month,1929306.65,689,2800.15,503.06,4995.04
Kellogg's,Double Points Bonanza,1706457.35,646,2641.57,500.95,4991.82
Kellogg's,Early Bird Specials,1930779.26,677,2851.96,512.96,4995.00
Kellogg's,End of Season Sale,1853087.73,676,2741.25,500.37,4997.29
Kellogg's,Exclusive Insider Offers,1805950.40,662,2728.02,513.96,4998.78
Kellogg's,Festive Fever Promo,2026967.15,717,2827.01,512.07,4996.81
Kellogg's,Final Call Frenzy,1915074.88,676,2832.95,503.08,4980.80
Kellogg's,Flash Frenzy Friday,1773270.83,659,2690.85,507.64,4996.77
Kellogg's,"Gift More, Spend Less",1833830.77,665,2757.64,513.62,4991.67
Kellogg's,Golden Hour Bargains,1757372.05,639,2750.19,500.16,4983.47
Kellogg's,Green Weekend Deals,1985014.64,729,2722.93,544.59,4997.22
Kellogg's,Happy Hour Discounts,1785030.29,671,2660.25,508.35,4995.35
Kellogg's,Holiday Shopping Rush,1782162.76,650,2741.79,501.56,4998.79
Kellogg's,Hot Picks Promo,1806300.07,654,2761.93,500.73,4999.96
Kellogg's,Instant Gratification Sale,1822169.16,671,2715.60,517.98,4999.70
Kellogg's,Limited Time Treasures,1771929.85,648,2734.46,513.89,4999.73
Kellogg's,Loyalty Rewards Blast,1883674.41,675,2790.63,509.85,4988.35
Kellogg's,Mega Weekend Bonanza,1830389.43,656,2790.23,507.71,4989.86
Kellogg's,Mid-Year Madness,1928110.75,673,2864.95,507.78,4994.70
Kellogg's,Midnight Madness,1812076.05,666,2720.83,505.05,4995.25
Kellogg's,Mystery Discount Days,1786304.38,659,2710.63,503.39,4982.99
Kellogg's,New Arrival Showcase,1714561.15,615,2787.90,509.54,4999.86
Kellogg's,New Product Launch Promo,1772466.25,645,2748.01,500.73,4999.20
Kellogg's,New Year Kickoff,1884712.24,672,2804.63,500.12,4981.27
Kellogg's,Price Drop Parade,1812530.96,663,2733.83,512.52,4999.58
Kellogg's,Red Tag Clearance,1790036.58,641,2792.57,504.22,4988.88
Kellogg's,Seasonal Surprise Box,1898880.26,668,2842.64,510.72,4991.25
Kellogg's,Shop & Save Spectacular,1775791.22,631,2814.25,508.47,4983.84
Kellogg's,Smart Shopper Week,1883824.50,681,2766.26,500.54,4998.48
Kellogg's,Spring Refresh Event,1857945.51,667,2785.53,501.42,4995.22
Kellogg's,Spring Splash Discounts,1745371.84,644,2710.20,500.68,4992.00
Kellogg's,Summer Sizzle Promo,1759279.78,614,2865.28,514.60,4999.26
Kellogg's,Super Savings Week,1953355.04,721,2709.23,504.29,4971.41
Kellogg's,Ultimate Value Event,1866579.94,675,2765.30,518.09,4997.75
Kellogg's,VIP Access Sale,1833949.50,668,2745.43,504.20,4999.89
Kellogg's,Weekend Warrior Specials,1824765.39,666,2739.89,503.77,4999.20
Kellogg's,Winter Clearance Carnival,1785701.72,657,2717.96,523.06,4996.69
Kellogg's,Winter Wonders Sale,1877875.66,679,2765.65,518.42,4999.85
LG,12 Days of Deals,3608501.59,1301,2773.64,513.13,4995.63
LG,Autumn Deals Drive,3696324.50,1349,2740.05,508.14,4999.09
LG,BOGO Blitz,3639041.07,1320,2756.85,501.56,4997.96
LG,Back to School Boost,3638360.08,1337,2721.29,502.18,4997.76
LG,Birthday Bash Sale,3560051.46,1309,2719.67,505.08,4990.75
LG,Black Friday Blowout,3638426.83,1319,2758.47,500.70,4994.38
LG,Cart Crasher Campaign,3713087.13,1358,2734.23,509.43,4988.50
LG,Cashback Carnival,3636665.03,1305,2786.72,500.98,4994.18
LG,Clearance Countdown,3678702.18,1361,2702.94,502.94,4998.50
LG,Countdown to Savings,3693586.89,1347,2742.08,500.75,4998.03
LG,Customer Appreciation Week,3653130.42,1343,2720.13,502.70,4999.25
LG,Cyber Monday Mania,3697280.16,1329,2782.00,502.61,4998.54
LG,Deal of the Month,3564022.85,1303,2735.24,502.44,4996.40
LG,Double Points Bonanza,3628095.81,1333,2721.75,514.43,4996.88
LG,Early Bird Specials,3539675.34,1287,2750.33,500.92,4994.19
LG,End of Season Sale,3713504.94,1339,2773.34,501.39,4997.26
LG,Exclusive Insider Offers,3749022.33,1359,2758.66,503.81,4994.95
LG,Festive Fever Promo,3595077.69,1305,2754.85,502.80,4996.41
LG,Final Call Frenzy,3629610.86,1318,2753.88,501.74,4999.75
LG,Flash Frenzy Friday,3781298.00,1370,2760.07,503.50,4998.72
LG,"Gift More, Spend Less",3793279.23,1362,2785.08,502.74,4993.14
LG,Golden Hour Bargains,3689820.73,1349,2735.23,506.54,4997.61
LG,Green Weekend Deals,3585656.60,1325,2706.16,502.12,4996.70
LG,Happy Hour Discounts,3431056.05,1227,2796.30,503.25,4997.26
LG,Holiday Shopping Rush,3723373.51,1355,2747.88,500.17,4995.77
LG,Hot Picks Promo,3487535.51,1264,2759.13,501.49,4997.89
LG,Instant Gratification Sale,3667300.40,1347,2722.57,504.58,4990.00
LG,Limited Time Treasures,3597440.87,1313,2739.86,507.04,4999.20
LG,Loyalty Rewards Blast,3655670.32,1333,2742.44,503.07,4998.29
LG,Mega Weekend Bonanza,3725136.04,1361,2737.06,503.23,4998.42
LG,Mid-Year Madness,3651345.81,1319,2768.27,501.40,4999.11
LG,Midnight Madness,3476077.20,1265,2747.89,500.72,4998.66
LG,Mystery Discount Days,3846078.35,1389,2768.95,501.23,4998.62
LG,New Arrival Showcase,3743160.16,1307,2863.93,504.80,4998.70
LG,New Product Launch Promo,3662741.95,1341,2731.35,501.76,4999.48
LG,New Year Kickoff,3780068.98,1357,2785.61,504.17,4998.59
LG,Price Drop Parade,3479316.83,1284,2709.75,501.39,4999.10
LG,Red Tag Clearance,3783383.44,1354,2794.23,511.90,4992.58
LG,Seasonal Surprise Box,3670710.58,1340,2739.34,503.22,4998.13
LG,Shop & Save Spectacular,3828519.38,1395,2744.46,502.74,4992.95
LG,Smart Shopper Week,3661657.76,1320,2773.98,502.77,4999.77
LG,Spring Refresh Event,3683126.84,1340,2748.60,506.82,4999.45
LG,Spring Splash Discounts,3659885.33,1324,2764.26,505.95,4999.02
LG,Summer Sizzle Promo,3626165.92,1327,2732.60,510.56,4994.68
LG,Super Savings Week,3792831.98,1355,2799.14,500.28,4996.22
LG,Ultimate Value Event,3823715.79,1386,2758.81,503.14,4999.91
LG,VIP Access Sale,3666055.85,1327,2762.66,500.93,4999.15
LG,Weekend Warrior Specials,3726878.09,1358,2744.39,503.52,4999.43
LG,Winter Clearance Carnival,3750422.95,1350,2778.09,501.06,4993.03
LG,Winter Wonders Sale,3732863.31,1380,2704.97,502.26,4996.89
Levi's,12 Days of Deals,1844987.76,670,2753.71,500.37,4999.26
Levi's,Autumn Deals Drive,1884870.27,688,2739.64,509.47,4992.45
Levi's,BOGO Blitz,1936808.85,696,2782.77,503.91,4996.75
Levi's,Back to School Boost,1648323.82,636,2591.70,502.44,4991.50
Levi's,Birthday Bash Sale,1914174.05,696,2750.25,503.70,4997.36
Levi's,Black Friday Blowout,1874363.84,676,2772.73,513.13,4997.07
Levi's,Cart Crasher Campaign,1861269.59,663,2807.34,508.66,4996.24
Levi's,Cashback Carnival,1908746.16,680,2806.98,508.75,4994.40
Levi's,Clearance Countdown,1753372.43,649,2701.65,504.91,4995.43
Levi's,Countdown to Savings,1822506.68,677,2692.03,504.03,4995.55
Levi's,Customer Appreciation Week,1912301.60,675,2833.04,510.73,4984.88
Levi's,Cyber Monday Mania,1978547.21,700,2826.50,502.02,4992.60
Levi's,Deal of the Month,1826893.58,666,2743.08,502.13,4973.22
Levi's,Double Points Bonanza,1796089.81,629,2855.47,500.63,4992.87
Levi's,Early Bird Specials,1824149.58,677,2694.46,501.24,4988.14
Levi's,End of Season Sale,1884512.29,682,2763.21,506.45,4984.90
Levi's,Exclusive Insider Offers,1708966.11,640,2670.26,501.18,4997.63
Levi's,Festive Fever Promo,1842713.84,679,2713.86,505.36,4981.97
Levi's,Final Call Frenzy,1875729.64,683,2746.31,513.55,4994.06
Levi's,Flash Frenzy Friday,1940506.28,700,2772.15,516.34,4989.81
Levi's,"Gift More, Spend Less",1812865.88,666,2722.02,501.94,4985.89
Levi's,Golden Hour Bargains,1836270.76,652,2816.37,508.91,4998.56
Levi's,Green Weekend Deals,1770584.08,660,2682.70,527.72,4996.15
Levi's,Happy Hour Discounts,1773929.49,638,2780.45,507.81,4994.57
Levi's,Holiday Shopping Rush,1879528.23,681,2759.95,506.38,4992.50
Levi's,Hot Picks Promo,1854742.43,681,2723.56,500.12,4999.60
Levi's,Instant Gratification Sale,1858728.31,661,2811.99,501.81,4993.22
Levi's,Limited Time Treasures,1798516.54,674,2668.42,504.55,4987.04
Levi's,Loyalty Rewards Blast,2004565.26,701,2859.58,524.75,4996.42
Levi's,Mega Weekend Bonanza,1776385.27,655,2712.04,500.60,4997.25
Levi's,Mid-Year Madness,1845752.40,675,2734.45,506.96,4989.93
Levi's,Midnight Madness,1808774.60,671,2695.64,508.22,4998.11
Levi's,Mystery Discount Days,1747100.22,649,2691.99,502.13,4999.85
Levi's,New Arrival Showcase,1837141.67,675,2721.69,500.17,4991.01
Levi's,New Product Launch Promo,1795203.82,651,2757.61,500.27,4991.07
Levi's,New Year Kickoff,1853260.15,674,2749.64,518.02,4991.55
Levi's,Price Drop Parade,1769617.33,653,2709.98,506.33,4999.49
Levi's,Red Tag Clearance,1969173.19,701,2809.09,501.14,4996.92
Levi's,Seasonal Surprise Box,1860099.61,672,2768.01,505.81,4985.30
Levi's,Shop & Save Spectacular,1941549.31,682,2846.85,500.33,4995.64
Levi's,Smart Shopper Week,1754978.02,630,2785.68,501.31,4996.33
Levi's,Spring Refresh Event,1809205.04,663,2728.82,501.02,4996.53
Levi's,Spring Splash Discounts,1926751.89,684,2816.89,513.20,4998.97
Levi's,Summer Sizzle Promo,1861820.22,682,2729.94,508.47,4995.49
Levi's,Super Savings Week,1923048.51,669,2874.51,502.63,4987.82
Levi's,Ultimate Value Event,1910953.78,689,2773.52,500.17,4987.96
Levi's,VIP Access Sale,1892170.64,685,2762.29,507.92,4999.97
Levi's,Weekend Warrior Specials,1721520.97,647,2660.77,503.41,4953.54
Levi's,Winter Clearance Carnival,1767866.24,658,2686.73,505.16,4989.85
Levi's,Winter Wonders Sale,1944919.72,725,2682.65,508.14,4999.21
Nestle,12 Days of Deals,1904520.29,691,2756.18,502.43,4998.90
Nestle,Autumn Deals Drive,1986190.53,719,2762.43,500.76,4997.95
Nestle,BOGO Blitz,1792548.79,648,2766.28,507.32,4996.36
Nestle,Back to School Boost,1908096.40,699,2729.75,500.60,4999.06
Nestle,Birthday Bash Sale,1785804.03,642,2781.63,504.67,4991.37
Nestle,Black Friday Blowout,1846126.85,650,2840.20,505.61,4998.22
Nestle,Cart Crasher Campaign,1776592.20,669,2655.59,506.39,4985.57
Nestle,Cashback Carnival,1843760.48,658,2802.07,502.91,4995.74
Nestle,Clearance Countdown,1738070.18,638,2724.25,519.68,4997.60
Nestle,Countdown to Savings,1924846.47,693,2777.56,517.81,4996.32
Nestle,Customer Appreciation Week,1893116.75,682,2775.83,502.24,4995.70
Nestle,Cyber Monday Mania,1698514.89,620,2739.54,511.89,4998.08
Nestle,Deal of the Month,1799321.53,643,2798.32,508.61,4992.95
Nestle,Double Points Bonanza,1775791.39,637,2787.74,502.21,4976.30
Nestle,Early Bird Specials,1827541.95,668,2735.84,514.86,4999.70
Nestle,End of Season Sale,1825850.77,669,2729.22,500.36,4998.37
Nestle,Exclusive Insider Offers,1770131.19,641,2761.52,501.31,4999.92
Nestle,Festive Fever Promo,1689551.58,621,2720.69,501.65,4997.65
Nestle,Final Call Frenzy,1985428.53,708,2804.28,520.72,4971.01
Nestle,Flash Frenzy Friday,1786439.96,646,2765.39,519.46,4996.14
Nestle,"Gift More, Spend Less",1739891.90,634,2744.31,514.39,4993.41
Nestle,Golden Hour Bargains,1845654.98,678,2722.20,509.01,4997.02
Nestle,Green Weekend Deals,1815752.57,663,2738.69,503.00,4991.78
Nestle,Happy Hour Discounts,1806412.37,661,2732.85,513.29,4995.84
Nestle,Holiday Shopping Rush,1742873.94,645,2702.13,507.76,4999.39
Nestle,Hot Picks Promo,1857810.59,668,2781.15,519.38,4999.88
Nestle,Instant Gratification Sale,1809808.12,654,2767.29,500.03,4988.21
Nestle,Limited Time Treasures,1793269.06,658,2725.33,510.30,4994.82
Nestle,Loyalty Rewards Blast,1857821.08,656,2832.04,501.89,4995.71
Nestle,Mega Weekend Bonanza,1807212.75,638,2832.62,506.20,4998.94
Nestle,Mid-Year Madness,1855305.43,683,2716.41,502.46,4990.79
Nestle,Midnight Madness,1800309.33,654,2752.77,505.39,4997.31
Nestle,Mystery Discount Days,1874381.82,676,2772.75,508.56,4978.06
Nestle,New Arrival Showcase,1819380.84,658,2765.02,503.73,4992.67
Nestle,New Product Launch Promo,1824259.24,658,2772.43,506.06,4991.05
Nestle,New Year Kickoff,1756959.50,644,2728.20,513.17,4991.95
Nestle,Price Drop Parade,1796695.60,662,2714.04,504.15,4988.77
Nestle,Red Tag Clearance,1923580.07,702,2740.14,501.12,4994.41
Nestle,Seasonal Surprise Box,1681808.52,628,2678.04,501.93,4992.02
Nestle,Shop & Save Spectacular,1891317.58,679,2785.45,501.53,4995.39
Nestle,Smart Shopper Week,1894460.89,690,2745.60,508.76,4987.67
Nestle,Spring Refresh Event,1848148.27,667,2770.84,521.03,4998.26
Nestle,Spring Splash Discounts,1757668.87,638,2754.97,505.92,4998.53
Nestle,Summer Sizzle Promo,1730423.78,641,2699.57,501.06,4952.92
Nestle,Super Savings Week,1890903.86,698,2709.03,501.97,4999.88
Nestle,Ultimate Value Event,1888646.33,679,2781.51,502.89,4997.53
Nestle,VIP Access Sale,1861545.58,678,2745.64,504.83,4997.93
Nestle,Weekend Warrior Specials,1748160.22,638,2740.06,502.46,4988.19
Nestle,Winter Clearance Carnival,1859581.65,686,2710.76,502.13,4997.93
Nestle,Winter Wonders Sale,1837690.18,671,2738.73,505.33,4978.26
Nike,12 Days of Deals,3899875.36,1414,2758.04,505.19,4999.67
Nike,Autumn Deals Drive,3857211.11,1415,2725.94,500.77,4999.75
Nike,BOGO Blitz,3832187.14,1347,2844.98,503.15,4998.67
Nike,Back to School Boost,3779378.32,1350,2799.54,500.65,4989.50
Nike,Birthday Bash Sale,3618831.00,1307,2768.81,500.14,4997.78
Nike,Black Friday Blowout,3584260.45,1297,2763.50,503.37,4996.57
Nike,Cart Crasher Campaign,3856718.71,1390,2774.62,501.15,4995.45
Nike,Cashback Carnival,3547036.19,1305,2718.04,500.72,4998.40
Nike,Clearance Countdown,3688088.51,1353,2725.86,508.53,4994.91
Nike,Countdown to Savings,3707783.49,1334,2779.45,501.71,4998.86
Nike,Customer Appreciation Week,3758793.06,1361,2761.79,504.64,4999.02
Nike,Cyber Monday Mania,3689680.95,1375,2683.40,502.07,4998.69
Nike,Deal of the Month,3555574.53,1314,2705.92,508.62,4995.46
Nike,Double Points Bonanza,3844799.66,1385,2776.03,507.25,4998.97
Nike,Early Bird Specials,3775962.44,1342,2813.68,501.20,4999.19
Nike,End of Season Sale,3706604.58,1370,2705.55,503.93,4995.12
Nike,Exclusive Insider Offers,3748895.58,1362,2752.49,500.29,4992.82
Nike,Festive Fever Promo,3677975.49,1326,2773.74,501.90,4995.75
Nike,Final Call Frenzy,3655266.68,1343,2721.72,501.48,4997.60
Nike,Flash Frenzy Friday,3845211.05,1372,2802.63,502.29,4998.23
Nike,"Gift More, Spend Less",3376926.51,1245,2712.39,505.29,4992.10
Nike,Golden Hour Bargains,3763514.37,1359,2769.33,500.01,4997.10
Nike,Green Weekend Deals,3883573.97,1413,2748.46,503.13,4999.01
Nike,Happy Hour Discounts,3740220.54,1342,2787.05,519.18,4998.95
Nike,Holiday Shopping Rush,3587960.64,1316,2726.41,501.97,4999.33
Nike,Hot Picks Promo,3763769.75,1368,2751.29,503.06,4997.81
Nike,Instant Gratification Sale,3636522.39,1319,2757.03,500.07,4998.85
Nike,Limited Time Treasures,3760750.81,1375,2735.09,501.18,4997.70
Nike,Loyalty Rewards Blast,3614031.56,1309,2760.91,500.80,4998.22
Nike,Mega Weekend Bonanza,3821054.95,1376,2776.93,503.85,4998.00
Nike,Mid-Year Madness,3653767.45,1328,2751.33,500.89,4994.34
Nike,Midnight Madness,3757521.34,1336,2812.52,501.63,4993.16
Nike,Mystery Discount Days,3734334.89,1356,2753.93,501.05,4999.19
Nike,New Arrival Showcase,3598560.15,1309,2749.09,503.53,4998.83
Nike,New Product Launch Promo,3684562.34,1315,2801.95,503.65,4998.73
Nike,New Year Kickoff,3640262.75,1310,2778.83,507.42,4996.00
Nike,Price Drop Parade,3642123.98,1342,2713.95,504.45,4998.25
Nike,Red Tag Clearance,3484639.29,1286,2709.67,502.58,4999.05
Nike,Seasonal Surprise Box,3831916.06,1403,2731.23,500.31,4996.55
Nike,Shop & Save Spectacular,3813696.25,1379,2765.55,500.14,4999.95
Nike,Smart Shopper Week,3566108.42,1281,2783.85,511.44,4996.44
Nike,Spring Refresh Event,3741809.59,1316,2843.32,500.43,4996.02
Nike,Spring Splash Discounts,3494746.81,1290,2709.11,502.55,4999.83
Nike,Summer Sizzle Promo,3693413.38,1342,2752.17,502.32,4998.50
Nike,Super Savings Week,3725325.07,1325,2811.57,509.07,4999.08
Nike,Ultimate Value Event,3740119.34,1369,2732.01,502.13,4999.44
Nike,VIP Access Sale,3729541.78,1350,2762.62,502.72,4991.94
Nike,Weekend Warrior Specials,3535844.30,1336,2646.59,500.79,4998.79
Nike,Winter Clearance Carnival,3732083.61,1338,2789.30,501.25,4999.04
Nike,Winter Wonders Sale,3888332.65,1380,2817.63,502.80,4992.09
Panasonic,12 Days of Deals,1675429.24,616,2719.85,512.15,4999.60
Panasonic,Autumn Deals Drive,1862201.36,660,2821.52,500.20,4996.51
Panasonic,BOGO Blitz,1860545.80,657,2831.88,505.45,4989.22
Panasonic,Back to School Boost,1845476.47,678,2721.94,500.14,4974.55
Panasonic,Birthday Bash Sale,1835664.62,660,2781.31,500.20,4999.90
Panasonic,Black Friday Blowout,1743474.57,636,2741.31,501.86,4999.87
Panasonic,Cart Crasher Campaign,1821611.72,655,2781.09,502.87,4996.42
Panasonic,Cashback Carnival,1739892.05,636,2735.68,500.51,4988.51
Panasonic,Clearance Countdown,1935058.86,714,2710.17,513.68,4998.92
Panasonic,Countdown to Savings,1842709.13,673,2738.05,518.47,4993.48
Panasonic,Customer Appreciation Week,1811848.15,659,2749.39,515.73,4986.08
Panasonic,Cyber Monday Mania,1746540.52,639,2733.24,503.56,4986.38
Panasonic,Deal of the Month,1903873.28,693,2747.29,502.25,4997.39
Panasonic,Double Points Bonanza,1867984.81,674,2771.49,500.59,4998.12
Panasonic,Early Bird Specials,1903777.83,697,2731.39,510.97,4995.63
Panasonic,End of Season Sale,1808135.27,659,2743.76,502.83,4986.57
Panasonic,Exclusive Insider Offers,1980956.05,715,2770.57,503.43,4999.96
Panasonic,Festive Fever Promo,1826899.56,682,2678.74,500.15,4995.38
Panasonic,Final Call Frenzy,1867156.70,678,2753.92,501.47,4998.53
Panasonic,Flash Frenzy Friday,1788217.23,647,2763.86,502.31,4996.92
Panasonic,"Gift More, Spend Less",1903884.42,691,2755.26,517.36,4991.79
Panasonic,Golden Hour Bargains,1749269.54,645,2712.05,504.46,4995.35
Panasonic,Green Weekend Deals,1952122.05,676,2887.75,503.08,4999.78
Panasonic,Happy Hour Discounts,1980722.59,706,2805.56,510.62,4992.74
Panasonic,Holiday Shopping Rush,1949828.03,687,2838.18,509.01,4999.67
Panasonic,Hot Picks Promo,1802246.43,652,2764.18,502.73,4996.10
Panasonic,Instant Gratification Sale,1876743.75,682,2751.82,511.90,4998.19
Panasonic,Limited Time Treasures,2046490.60,718,2850.27,501.60,4993.69
Panasonic,Loyalty Rewards Blast,1824230.00,656,2780.84,507.52,4979.64
Panasonic,Mega Weekend Bonanza,1833027.18,667,2748.17,507.02,4998.53
Panasonic,Mid-Year Madness,1813783.39,650,2790.44,500.34,4994.22
Panasonic,Midnight Madness,1874172.24,701,2673.57,537.12,4994.98
Panasonic,Mystery Discount Days,1993366.41,709,2811.52,500.80,4995.07
Panasonic,New Arrival Showcase,1719812.74,636,2704.11,502.12,4986.80
Panasonic,New Product Launch Promo,1949363.87,697,2796.79,501.09,4998.61
Panasonic,New Year Kickoff,1970979.23,700,2815.68,501.31,4983.89
Panasonic,Price Drop Parade,1794146.45,644,2785.94,504.47,4994.59
Panasonic,Red Tag Clearance,1831191.12,675,2712.88,501.05,4993.50
Panasonic,Seasonal Surprise Box,1821129.05,655,2780.35,522.75,4997.91
Panasonic,Shop & Save Spectacular,1918961.58,694,2765.07,500.09,4997.54
Panasonic,Smart Shopper Week,1778698.45,646,2753.40,514.39,4972.76
Panasonic,Spring Refresh Event,1907332.30,681,2800.78,506.77,4999.83
Panasonic,Spring Splash Discounts,1880710.53,674,2790.37,538.70,4994.76
Panasonic,Summer Sizzle Promo,1735713.39,636,2729.11,512.69,4970.66
Panasonic,Super Savings Week,1833937.41,672,2729.07,506.53,4998.99
Panasonic,Ultimate Value Event,1889204.10,680,2778.24,507.21,4997.13
Panasonic,VIP Access Sale,1807676.50,672,2689.99,507.71,4995.20
Panasonic,Weekend Warrior Specials,1823882.80,642,2840.94,503.53,4985.78
Panasonic,Winter Clearance Carnival,1876653.20,678,2767.93,518.89,4995.61
Panasonic,Winter Wonders Sale,1696094.55,635,2671.02,501.34,4997.71
Pepperfry,12 Days of Deals,1792836.96,643,2788.24,518.52,4998.58
Pepperfry,Autumn Deals Drive,1891493.78,707,2675.38,500.56,4998.96
Pepperfry,BOGO Blitz,1653054.47,608,2718.84,511.25,4994.26
Pepperfry,Back to School Boost,1928318.64,710,2715.94,522.56,4988.70
Pepperfry,Birthday Bash Sale,1777482.21,629,2825.89,505.99,4992.29
Pepperfry,Black Friday Blowout,1987315.08,711,2795.10,507.45,4999.47
Pepperfry,Cart Crasher Campaign,1733881.16,628,2760.96,501.27,4998.24
Pepperfry,Cashback Carnival,1756586.09,641,2740.38,510.52,4993.83
Pepperfry,Clearance Countdown,1757403.54,654,2687.16,510.97,4995.77
Pepperfry,Countdown to Savings,1910024.05,686,2784.29,510.93,4999.16
Pepperfry,Customer Appreciation Week,1822061.27,665,2739.94,502.67,4996.70
Pepperfry,Cyber Monday Mania,1821404.77,662,2751.37,506.92,4993.83
Pepperfry,Deal of the Month,1740465.76,636,2736.58,501.02,4997.12
Pepperfry,Double Points Bonanza,1979237.56,697,2839.65,505.06,4999.14
Pepperfry,Early Bird Specials,1767507.49,632,2796.69,500.89,4997.80
Pepperfry,End of Season Sale,1757855.27,638,2755.26,521.45,4998.80
Pepperfry,Exclusive Insider Offers,1882954.49,679,2773.13,514.75,4995.54
Pepperfry,Festive Fever Promo,1926158.51,692,2783.47,510.18,4998.62
Pepperfry,Final Call Frenzy,1751576.47,634,2762.74,502.89,4998.23
Pepperfry,Flash Frenzy Friday,1976121.80,715,2763.81,503.24,4998.41
Pepperfry,"Gift More, Spend Less",1770073.88,662,2673.83,502.35,4998.32
Pepperfry,Golden Hour Bargains,1786045.70,659,2710.24,506.98,4994.22
Pepperfry,Green Weekend Deals,1865127.99,667,2796.29,503.53,4996.89
Pepperfry,Happy Hour Discounts,1873262.16,670,2795.91,511.00,4998.48
Pepperfry,Holiday Shopping Rush,1719171.29,623,2759.50,512.13,4989.06
Pepperfry,Hot Picks Promo,1878432.07,678,2770.55,504.44,4994.52
Pepperfry,Instant Gratification Sale,1815580.12,658,2759.24,503.79,4999.03
Pepperfry,Limited Time Treasures,2016471.23,725,2781.34,505.62,4994.63
Pepperfry,Loyalty Rewards Blast,1690149.29,629,2687.04,501.05,4999.26
Pepperfry,Mega Weekend Bonanza,1945858.18,698,2787.76,504.00,4988.69
Pepperfry,Mid-Year Madness,1828980.98,660,2771.18,515.95,4987.96
Pepperfry,Midnight Madness,1805714.37,672,2687.07,501.59,4998.12
Pepperfry,Mystery Discount Days,1867040.85,678,2753.75,514.73,4986.60
Pepperfry,New Arrival Showcase,1904421.12,710,2682.28,518.75,4998.89
Pepperfry,New Product Launch Promo,1761678.34,635,2774.30,500.59,4992.74
Pepperfry,New Year Kickoff,1780943.66,650,2739.91,508.25,4997.66
Pepperfry,Price Drop Parade,1880063.81,674,2789.41,515.78,4987.91
Pepperfry,Red Tag Clearance,1626621.24,613,2653.54,503.92,4993.73
Pepperfry,Seasonal Surprise Box,1990400.64,706,2819.26,501.63,4998.54
Pepperfry,Shop & Save Spectacular,1694132.18,619,2736.89,516.37,4979.05
Pepperfry,Smart Shopper Week,1800147.81,643,2799.61,504.73,4992.28
Pepperfry,Spring Refresh Event,1918611.31,694,2764.57,500.36,4994.60
Pepperfry,Spring Splash Discounts,1803671.04,656,2749.50,504.32,4998.77
Pepperfry,Summer Sizzle Promo,1948106.84,703,2771.13,504.85,4998.67
Pepperfry,Super Savings Week,1884950.89,666,2830.26,505.61,4989.93
Pepperfry,Ultimate Value Event,1803877.07,653,2762.45,507.45,4993.55
Pepperfry,VIP Access Sale,1897764.66,706,2688.05,502.41,4994.17
Pepperfry,Weekend Warrior Specials,1930036.08,694,2781.03,504.11,4994.16
Pepperfry,Winter Clearance Carnival,1802560.51,666,2706.55,516.46,4998.34
Pepperfry,Winter Wonders Sale,1752984.79,625,2804.78,507.73,4995.39
Puma,12 Days of Deals,3743402.44,1348,2777.00,502.11,4999.40
Puma,Autumn Deals Drive,3547709.09,1298,2733.21,501.93,4997.04
Puma,BOGO Blitz,3775661.42,1386,2724.14,500.97,4997.71
Puma,Back to School Boost,3670959.70,1350,2719.23,501.48,4998.12
Puma,Birthday Bash Sale,3855174.73,1379,2795.63,503.09,4997.95
Puma,Black Friday Blowout,3705799.86,1376,2693.17,500.74,4997.46
Puma,Cart Crasher Campaign,3466119.97,1286,2695.27,510.88,4996.89
Puma,Cashback Carnival,3583198.08,1290,2777.67,502.29,4997.64
Puma,Clearance Countdown,3694438.55,1370,2696.67,501.13,4990.06
Puma,Countdown to Savings,3748235.03,1370,2735.94,500.66,4999.61
Puma,Customer Appreciation Week,3705845.03,1341,2763.49,503.51,4998.60
Puma,Cyber Monday Mania,3777769.91,1354,2790.08,508.24,4992.50
Puma,Deal of the Month,3622468.30,1325,2733.94,502.57,4999.89
Puma,Double Points Bonanza,3761229.81,1363,2759.52,503.93,4998.01
Puma,Early Bird Specials,3620912.22,1321,2741.04,501.96,4997.16
Puma,End of Season Sale,3709046.51,1311,2829.17,502.75,4999.17
Puma,Exclusive Insider Offers,3710423.68,1330,2789.79,500.07,4998.51
Puma,Festive Fever Promo,3749603.84,1364,2748.98,503.49,4998.89
Puma,Final Call Frenzy,3636957.47,1321,2753.19,500.03,4993.58
Puma,Flash Frenzy Friday,3471413.49,1291,2688.93,504.35,4997.51
Puma,"Gift More, Spend Less",3851285.19,1390,2770.71,504.71,4997.42
Puma,Golden Hour Bargains,3758813.49,1381,2721.81,500.57,4999.85
Puma,Green Weekend Deals,3712103.28,1343,2764.04,504.95,4999.98
Puma,Happy Hour Discounts,3735843.31,1370,2726.89,503.04,4999.78
Puma,Holiday Shopping Rush,3793727.07,1367,2775.22,503.52,4997.57
Puma,Hot Picks Promo,3619212.80,1304,2775.47,500.04,4996.43
Puma,Instant Gratification Sale,3722211.96,1366,2724.90,500.41,4988.31
Puma,Limited Time Treasures,3620893.35,1323,2736.88,504.90,4997.38
Puma,Loyalty Rewards Blast,3427725.18,1258,2724.74,508.40,4995.86
Puma,Mega Weekend Bonanza,3718368.82,1307,2844.96,502.77,4995.44
Puma,Mid-Year Madness,3691339.13,1354,2726.25,500.82,4998.69
Puma,Midnight Madness,3701094.09,1342,2757.89,503.57,4997.93
Puma,Mystery Discount Days,3522998.35,1302,2705.84,500.04,4995.75
Puma,New Arrival Showcase,3656883.62,1337,2735.14,500.37,4998.00
Puma,New Product Launch Promo,3654850.15,1305,2800.65,503.81,4994.43
Puma,New Year Kickoff,3769888.31,1343,2807.07,500.45,4994.88
Puma,Price Drop Parade,3572384.57,1317,2712.52,504.82,4999.68
Puma,Red Tag Clearance,3544690.03,1323,2679.28,502.12,4997.50
Puma,Seasonal Surprise Box,3662756.89,1330,2753.95,503.60,4996.71
Puma,Shop & Save Spectacular,3787078.11,1341,2824.07,500.18,4998.60
Puma,Smart Shopper Week,3645529.35,1336,2728.69,509.78,4997.07
Puma,Spring Refresh Event,3716070.69,1368,2716.43,502.39,4991.31
Puma,Spring Splash Discounts,3568859.18,1294,2758.01,500.66,4999.01
Puma,Summer Sizzle Promo,3618854.49,1292,2800.97,500.10,4998.14
Puma,Super Savings Week,3622728.83,1308,2769.67,505.75,4998.97
Puma,Ultimate Value Event,3534226.61,1284,2752.51,500.07,4996.51
Puma,VIP Access Sale,3769610.03,1365,2761.62,501.68,4996.77
Puma,Weekend Warrior Specials,3832154.50,1392,2752.98,506.15,4998.52
Puma,Winter Clearance Carnival,3497383.91,1253,2791.21,504.78,4993.54
Puma,Winter Wonders Sale,3563088.21,1326,2687.10,505.91,4993.15
Reebok,12 Days of Deals,1908706.56,684,2790.51,515.75,4998.61
Reebok,Autumn Deals Drive,1856698.73,663,2800.45,500.04,4996.59
Reebok,BOGO Blitz,1695190.41,636,2665.39,508.28,4996.52
Reebok,Back to School Boost,1749697.06,646,2708.51,505.03,4999.33
Reebok,Birthday Bash Sale,1804382.01,661,2729.78,517.17,4999.34
Reebok,Black Friday Blowout,1868212.38,676,2763.63,504.45,4999.65
Reebok,Cart Crasher Campaign,1797660.96,664,2707.32,500.78,4996.75
Reebok,Cashback Carnival,1939712.52,690,2811.18,504.12,4990.45
Reebok,Clearance Countdown,1727120.43,643,2686.03,500.37,4996.31
Reebok,Countdown to Savings,1867743.04,682,2738.63,506.58,4996.44
Reebok,Customer Appreciation Week,1880512.56,675,2785.94,502.81,4998.61
Reebok,Cyber Monday Mania,1983364.93,708,2801.36,504.92,4998.53
Reebok,Deal of the Month,1915434.15,697,2748.11,509.93,4993.19
Reebok,Double Points Bonanza,1990393.77,722,2756.78,521.66,4994.46
Reebok,Early Bird Specials,1830562.15,664,2756.87,508.41,4996.35
Reebok,End of Season Sale,1775930.81,650,2732.20,503.46,4996.20
Reebok,Exclusive Insider Offers,1762732.44,626,2815.87,504.56,4996.28
Reebok,Festive Fever Promo,1842949.13,681,2706.24,506.83,4998.24
Reebok,Final Call Frenzy,1783292.54,660,2701.96,500.30,4982.79
Reebok,Flash Frenzy Friday,1900630.14,677,2807.43,503.56,4996.39
Reebok,"Gift More, Spend Less",1927285.31,683,2821.79,501.32,4974.13
Reebok,Golden Hour Bargains,1778442.69,648,2744.51,502.76,4995.89
Reebok,Green Weekend Deals,1796059.26,663,2708.99,500.26,4999.53
Reebok,Happy Hour Discounts,1907808.13,689,2768.95,506.19,4995.06
Reebok,Holiday Shopping Rush,1695599.29,636,2666.04,501.14,4972.41
Reebok,Hot Picks Promo,1946064.30,690,2820.38,517.08,4996.34
Reebok,Instant Gratification Sale,1820185.83,672,2708.61,504.24,4991.13
Reebok,Limited Time Treasures,1922301.49,680,2826.91,502.11,4998.98
Reebok,Loyalty Rewards Blast,1788383.34,652,2742.92,501.42,4987.16
Reebok,Mega Weekend Bonanza,1898424.93,689,2755.33,508.48,4986.53
Reebok,Mid-Year Madness,1924705.83,691,2785.39,508.91,4994.65
Reebok,Midnight Madness,1767372.48,660,2677.84,524.44,4997.31
Reebok,Mystery Discount Days,1878693.21,678,2770.93,502.16,4999.55
Reebok,New Arrival Showcase,1849191.63,669,2764.11,506.32,4996.77
Reebok,New Product Launch Promo,1877117.38,688,2728.37,514.75,4999.30
Reebok,New Year Kickoff,1866348.56,684,2728.58,503.09,4996.62
Reebok,Price Drop Parade,1823467.73,671,2717.54,500.50,4989.65
Reebok,Red Tag Clearance,1898979.47,667,2847.05,502.70,4997.25
Reebok,Seasonal Surprise Box,1944656.09,706,2754.47,501.12,4993.02
Reebok,Shop & Save Spectacular,1896271.49,689,2752.21,502.76,4992.07
Reebok,Smart Shopper Week,1724508.37,658,2620.83,500.78,4998.20
Reebok,Spring Refresh Event,1901514.59,694,2739.93,507.06,4986.59
Reebok,Spring Splash Discounts,1930200.17,705,2737.87,502.90,4991.81
Reebok,Summer Sizzle Promo,1893670.81,701,2701.38,502.59,4995.91
Reebok,Super Savings Week,1881784.03,665,2829.75,522.37,4973.55
Reebok,Ultimate Value Event,1813613.11,664,2731.35,510.65,4994.22
Reebok,VIP Access Sale,1861673.83,657,2833.60,506.74,4998.87
Reebok,Weekend Warrior Specials,1841221.51,663,2777.11,501.32,4997.81
Reebok,Winter Clearance Carnival,1789701.49,640,2796.41,513.07,4981.24
Reebok,Winter Wonders Sale,1961485.37,691,2838.62,508.42,4987.57
Samsung,12 Days of Deals,3754216.05,1353,2774.73,513.28,4994.43
Samsung,Autumn Deals Drive,3674983.98,1332,2759.00,502.24,4995.69
Samsung,BOGO Blitz,3712346.34,1346,2758.06,501.85,4998.46
Samsung,Back to School Boost,3693662.86,1370,2696.10,500.09,4995.60
Samsung,Birthday Bash Sale,3588430.01,1301,2758.21,500.93,4993.71
Samsung,Black Friday Blowout,3461742.37,1280,2704.49,500.99,4999.22
Samsung,Cart Crasher Campaign,3669731.19,1332,2755.05,504.62,4999.98
Samsung,Cashback Carnival,3744216.55,1382,2709.27,500.13,4998.33
Samsung,Clearance Countdown,3663200.91,1303,2811.36,502.39,4998.01
Samsung,Countdown to Savings,3890689.28,1388,2803.09,501.91,4994.85
Samsung,Customer Appreciation Week,3689110.23,1335,2763.38,504.71,4984.07
Samsung,Cyber Monday Mania,3802964.50,1349,2819.10,504.82,4999.50
Samsung,Deal of the Month,3726466.53,1345,2770.61,500.38,4999.41
Samsung,Double Points Bonanza,3687666.75,1322,2789.46,503.00,4998.07
Samsung,Early Bird Specials,3771194.02,1361,2770.90,505.94,4999.11
Samsung,End of Season Sale,3513942.55,1292,2719.77,501.06,4982.96
Samsung,Exclusive Insider Offers,3512411.35,1282,2739.79,501.41,4999.90
Samsung,Festive Fever Promo,3596417.30,1318,2728.69,504.82,4999.21
Samsung,Final Call Frenzy,3728693.73,1362,2737.66,503.00,4997.52
Samsung,Flash Frenzy Friday,3653319.97,1332,2742.73,500.13,4997.57
Samsung,"Gift More, Spend Less",3626928.12,1332,2722.92,503.92,4998.35
Samsung,Golden Hour Bargains,3752857.56,1314,2856.06,506.47,4995.77
Samsung,Green Weekend Deals,3492342.17,1293,2700.96,503.87,4998.39
Samsung,Happy Hour Discounts,3829465.27,1377,2781.02,500.78,4998.71
Samsung,Holiday Shopping Rush,3731698.40,1356,2751.99,500.68,4996.83
Samsung,Hot Picks Promo,3745768.30,1368,2738.13,506.73,4992.55
Samsung,Instant Gratification Sale,3567319.30,1319,2704.56,501.53,4986.07
Samsung,Limited Time Treasures,3815873.57,1364,2797.56,500.36,4999.73
Samsung,Loyalty Rewards Blast,3910136.48,1413,2767.26,501.61,4989.79
Samsung,Mega Weekend Bonanza,3848833.58,1405,2739.38,502.17,4999.69
Samsung,Mid-Year Madness,3858387.08,1397,2761.91,503.72,4998.26
Samsung,Midnight Madness,3716283.96,1350,2752.80,500.93,4997.66
Samsung,Mystery Discount Days,3722203.20,1347,2763.33,500.15,4999.42
Samsung,New Arrival Showcase,3821968.53,1378,2773.56,500.17,4997.28
Samsung,New Product Launch Promo,3724576.41,1372,2714.71,504.10,4994.66
Samsung,New Year Kickoff,3706335.35,1335,2776.28,501.48,4999.87
Samsung,Price Drop Parade,3415095.51,1262,2706.10,503.08,4997.91
Samsung,Red Tag Clearance,3455968.16,1264,2734.15,501.03,4994.95
Samsung,Seasonal Surprise Box,3589526.38,1311,2738.01,501.42,4997.09
Samsung,Shop & Save Spectacular,3530138.72,1272,2775.27,500.21,4996.07
Samsung,Smart Shopper Week,3815775.10,1393,2739.25,513.30,4999.94
Samsung,Spring Refresh Event,3406594.07,1277,2667.65,505.30,4982.74
Samsung,Spring Splash Discounts,3685097.11,1330,2770.75,502.11,4998.87
Samsung,Summer Sizzle Promo,3708433.70,1335,2777.85,502.20,4986.41
Samsung,Super Savings Week,3761187.77,1358,2769.65,504.67,4992.06
Samsung,Ultimate Value Event,3665628.64,1322,2772.79,503.38,4999.45
Samsung,VIP Access Sale,3641313.64,1335,2727.58,502.11,4999.37
Samsung,Weekend Warrior Specials,3815118.75,1366,2792.91,504.80,4999.71
Samsung,Winter Clearance Carnival,3742515.29,1364,2743.78,501.55,4996.11
Samsung,Winter Wonders Sale,3793018.11,1356,2797.21,501.94,4997.89
Sony,12 Days of Deals,1750893.26,649,2697.83,502.99,4999.82
Sony,Autumn Deals Drive,1762721.82,631,2793.54,501.19,4995.33
Sony,BOGO Blitz,1835781.70,675,2719.68,506.08,4998.29
Sony,Back to School Boost,1841613.38,683,2696.36,503.72,4997.92
Sony,Birthday Bash Sale,1813085.40,653,2776.55,500.37,4994.15
Sony,Black Friday Blowout,1938238.22,697,2780.83,505.50,4997.94
Sony,Cart Crasher Campaign,2074908.17,722,2873.83,502.78,4995.09
Sony,Cashback Carnival,1899433.25,687,2764.82,512.39,4993.59
Sony,Clearance Countdown,1913077.16,713,2683.14,500.08,4987.51
Sony,Countdown to Savings,1704733.15,619,2754.01,504.17,4995.30
Sony,Customer Appreciation Week,1873463.73,676,2771.40,505.23,4996.51
Sony,Cyber Monday Mania,1891463.27,699,2705.96,504.44,4978.20
Sony,Deal of the Month,1758770.81,654,2689.25,501.76,4992.62
Sony,Double Points Bonanza,1836523.98,662,2774.21,500.48,4994.70
Sony,Early Bird Specials,1872518.50,686,2729.62,504.33,4987.13
Sony,End of Season Sale,1780733.47,644,2765.11,511.30,4998.76
Sony,Exclusive Insider Offers,1815534.86,669,2713.80,511.49,4993.72
Sony,Festive Fever Promo,1904483.85,693,2748.17,503.82,4998.89
Sony,Final Call Frenzy,1777932.82,644,2760.77,501.33,4999.96
Sony,Flash Frenzy Friday,1856563.30,666,2787.63,504.09,4999.95
Sony,"Gift More, Spend Less",1680334.03,625,2688.53,506.16,4984.69
Sony,Golden Hour Bargains,1768940.33,652,2713.10,508.06,4968.20
Sony,Green Weekend Deals,1816463.40,669,2715.19,509.28,4996.94
Sony,Happy Hour Discounts,1801519.52,663,2717.22,504.99,4998.47
Sony,Holiday Shopping Rush,1739941.65,641,2714.42,500.69,4987.20
Sony,Hot Picks Promo,1857066.26,670,2771.74,506.70,4995.49
Sony,Instant Gratification Sale,1762447.56,657,2682.57,502.13,4998.62
Sony,Limited Time Treasures,1827842.90,648,2820.75,511.62,4999.11
Sony,Loyalty Rewards Blast,1773704.27,674,2631.61,500.73,4966.52
Sony,Mega Weekend Bonanza,1816688.75,660,2752.56,503.47,4999.15
Sony,Mid-Year Madness,1748750.66,654,2673.93,500.72,4998.40
Sony,Midnight Madness,1767334.64,645,2740.05,505.60,4998.52
Sony,Mystery Discount Days,1800974.79,654,2753.78,506.12,4994.20
Sony,New Arrival Showcase,1778513.84,633,2809.66,504.98,4999.95
Sony,New Product Launch Promo,1827106.07,659,2772.54,500.19,4998.30
Sony,New Year Kickoff,1966876.44,704,2793.86,512.45,4995.99
Sony,Price Drop Parade,1912330.64,695,2751.55,500.55,4998.14
Sony,Red Tag Clearance,1806390.25,653,2766.29,508.61,4990.99
Sony,Seasonal Surprise Box,1765151.19,637,2771.04,513.30,4993.58
Sony,Shop & Save Spectacular,1813750.67,665,2727.44,520.03,4984.81
Sony,Smart Shopper Week,1643398.74,619,2654.93,505.80,4998.63
Sony,Spring Refresh Event,1778697.95,647,2749.15,500.05,4997.33
Sony,Spring Splash Discounts,1744091.15,627,2781.64,508.68,4999.08
Sony,Summer Sizzle Promo,1832368.17,670,2734.88,511.89,4995.77
Sony,Super Savings Week,1757497.48,632,2780.85,513.54,4990.49
Sony,Ultimate Value Event,1850242.90,679,2724.95,511.37,4999.13
Sony,VIP Access Sale,1887422.01,684,2759.39,510.24,4969.11
Sony,Weekend Warrior Specials,1734356.49,637,2722.69,501.99,4968.73
Sony,Winter Clearance Carnival,1981401.97,702,2822.51,508.37,4993.31
Sony,Winter Wonders Sale,1771864.88,672,2636.70,511.22,4993.05
Tata,12 Days of Deals,1831936.75,651,2814.03,506.22,4989.06
Tata,Autumn Deals Drive,1849265.82,684,2703.60,512.90,4999.13
Tata,BOGO Blitz,1845832.08,685,2694.65,507.25,4992.20
Tata,Back to School Boost,1880959.07,688,2733.95,502.61,4991.91
Tata,Birthday Bash Sale,1851442.21,697,2656.30,503.77,4983.43
Tata,Black Friday Blowout,1896467.60,680,2788.92,500.83,4990.79
Tata,Cart Crasher Campaign,1837087.98,679,2705.58,505.15,4989.38
Tata,Cashback Carnival,1811038.06,656,2760.73,512.58,4993.12
Tata,Clearance Countdown,1782778.25,639,2789.95,502.02,4998.78
Tata,Countdown to Savings,1814571.86,682,2660.66,500.91,4989.73
Tata,Customer Appreciation Week,1788907.38,654,2735.33,505.16,4997.51
Tata,Cyber Monday Mania,1812932.99,670,2705.87,506.44,4998.73
Tata,Deal of the Month,1826377.96,660,2767.24,500.56,4996.71
Tata,Double Points Bonanza,1824186.01,679,2686.58,504.96,4999.34
Tata,Early Bird Specials,1836950.25,661,2779.05,501.54,4983.85
Tata,End of Season Sale,1989417.11,704,2825.88,503.98,4991.22
Tata,Exclusive Insider Offers,1899724.62,672,2826.97,504.09,4999.35
Tata,Festive Fever Promo,1928062.61,696,2770.20,524.48,4986.36
Tata,Final Call Frenzy,1944367.99,710,2738.55,504.53,4995.49
Tata,Flash Frenzy Friday,1716390.79,619,2772.84,500.97,4995.90
Tata,"Gift More, Spend Less",1923076.10,688,2795.17,509.60,4998.23
Tata,Golden Hour Bargains,1892136.65,692,2734.30,506.12,4999.90
Tata,Green Weekend Deals,1919709.35,686,2798.41,508.74,4990.02
Tata,Happy Hour Discounts,1857748.74,679,2736.01,505.89,4967.69
Tata,Holiday Shopping Rush,1755963.02,635,2765.30,505.64,4999.06
Tata,Hot Picks Promo,1845879.15,657,2809.56,501.36,4993.32
Tata,Instant Gratification Sale,1885796.33,666,2831.53,500.33,4987.65
Tata,Limited Time Treasures,1738451.04,634,2742.04,508.05,4983.86
Tata,Loyalty Rewards Blast,1873382.33,667,2808.67,507.01,4993.52
Tata,Mega Weekend Bonanza,1723802.02,666,2588.29,507.64,4996.49
Tata,Mid-Year Madness,1916388.24,689,2781.41,500.32,4995.65
Tata,Midnight Madness,1769281.56,627,2821.82,500.01,4998.75
Tata,Mystery Discount Days,1763749.05,643,2743.00,506.85,4990.44
Tata,New Arrival Showcase,1777324.82,640,2777.07,502.27,4997.81
Tata,New Product Launch Promo,1801260.74,650,2771.17,514.07,4994.79
Tata,New Year Kickoff,1868055.37,699,2672.47,512.57,4990.17
Tata,Price Drop Parade,1818738.94,632,2877.75,505.58,4999.83
Tata,Red Tag Clearance,1904796.38,675,2821.92,505.74,4989.26
Tata,Seasonal Surprise Box,1790757.04,656,2729.81,505.51,4992.27
Tata,Shop & Save Spectacular,1772899.87,629,2818.60,501.87,4993.94
Tata,Smart Shopper Week,1838509.14,664,2768.84,503.56,4989.07
Tata,Spring Refresh Event,1912380.77,679,2816.47,512.51,4974.58
Tata,Spring Splash Discounts,1857024.82,669,2775.82,515.99,4986.70
Tata,Summer Sizzle Promo,1838996.30,670,2744.77,501.39,4981.75
Tata,Super Savings Week,1775190.36,646,2747.97,506.37,4996.91
Tata,Ultimate Value Event,1813504.17,672,2698.67,506.59,4995.88
Tata,VIP Access Sale,1854308.71,683,2714.95,508.05,4974.89
Tata,Weekend Warrior Specials,1856933.61,674,2755.09,504.05,4986.11
Tata,Winter Clearance Carnival,1877360.48,676,2777.16,507.62,4999.97
Tata,Winter Wonders Sale,1823842.30,671,2718.10,515.32,4986.54
Urban Ladder,12 Days of Deals,1869447.71,658,2841.11,502.44,4974.34
Urban Ladder,Autumn Deals Drive,1780934.93,643,2769.73,513.05,4994.21
Urban Ladder,BOGO Blitz,1891345.56,709,2667.62,505.47,4990.46
Urban Ladder,Back to School Boost,1794431.85,658,2727.10,506.98,4996.70
Urban Ladder,Birthday Bash Sale,1795381.87,650,2762.13,501.84,4996.86
Urban Ladder,Black Friday Blowout,1887325.33,677,2787.78,507.23,4999.88
Urban Ladder,Cart Crasher Campaign,1756444.53,662,2653.24,503.66,4994.60
Urban Ladder,Cashback Carnival,1693004.37,631,2683.05,502.45,4999.62
Urban Ladder,Clearance Countdown,1852391.62,659,2810.91,507.62,4992.50
Urban Ladder,Countdown to Savings,1670635.83,634,2635.07,516.93,4989.47
Urban Ladder,Customer Appreciation Week,1737965.98,642,2707.11,501.28,4988.63
Urban Ladder,Cyber Monday Mania,1903524.92,680,2799.30,541.91,4990.19
Urban Ladder,Deal of the Month,2034272.66,735,2767.72,513.90,4999.11
Urban Ladder,Double Points Bonanza,1823608.51,653,2792.66,500.57,4993.12
Urban Ladder,Early Bird Specials,1709986.93,625,2735.98,503.43,4985.13
Urban Ladder,End of Season Sale,1902694.36,680,2798.08,509.93,4989.65
Urban Ladder,Exclusive Insider Offers,1820947.03,671,2713.78,511.93,4989.04
Urban Ladder,Festive Fever Promo,1717104.39,651,2637.64,500.07,4991.65
Urban Ladder,Final Call Frenzy,1851692.67,675,2743.25,501.06,4997.58
Urban Ladder,Flash Frenzy Friday,1867296.77,688,2714.09,502.44,4995.63
Urban Ladder,"Gift More, Spend Less",2025784.00,709,2857.24,507.61,4994.85
Urban Ladder,Golden Hour Bargains,1774579.06,626,2834.79,506.16,4999.31
Urban Ladder,Green Weekend Deals,1847235.24,682,2708.56,502.15,4996.26
Urban Ladder,Happy Hour Discounts,1792008.78,649,2761.18,511.43,4997.56
Urban Ladder,Holiday Shopping Rush,1796990.80,634,2834.37,502.02,4989.87
Urban Ladder,Hot Picks Promo,1888323.65,701,2693.76,502.87,4997.23
Urban Ladder,Instant Gratification Sale,1835004.23,660,2780.31,503.70,4995.76
Urban Ladder,Limited Time Treasures,1883125.05,660,2853.22,500.34,4999.59
Urban Ladder,Loyalty Rewards Blast,1767198.52,657,2689.80,519.34,4998.17
Urban Ladder,Mega Weekend Bonanza,1757625.36,653,2691.62,504.49,4972.66
Urban Ladder,Mid-Year Madness,1751745.23,659,2658.19,501.87,4997.34
Urban Ladder,Midnight Madness,2004246.22,711,2818.91,504.51,4992.67
Urban Ladder,Mystery Discount Days,1910551.78,673,2838.86,508.84,4995.72
Urban Ladder,New Arrival Showcase,1810039.44,647,2797.59,515.29,4993.66
Urban Ladder,New Product Launch Promo,1869931.37,690,2710.05,500.98,4999.22
Urban Ladder,New Year Kickoff,1837447.13,675,2722.14,502.12,4998.26
Urban Ladder,Price Drop Parade,1806403.71,654,2762.09,504.00,4989.67
Urban Ladder,Red Tag Clearance,1772639.86,655,2706.32,501.29,4999.64
Urban Ladder,Seasonal Surprise Box,1912932.52,686,2788.53,508.05,4996.98
Urban Ladder,Shop & Save Spectacular,1869403.29,687,2721.11,504.91,4990.61
Urban Ladder,Smart Shopper Week,1881537.48,657,2863.83,500.56,4996.17
Urban Ladder,Spring Refresh Event,1707092.58,632,2701.10,505.62,4999.58
Urban Ladder,Spring Splash Discounts,1943772.13,698,2784.77,502.65,4996.37
Urban Ladder,Summer Sizzle Promo,1886037.09,693,2721.55,517.24,4990.61
Urban Ladder,Super Savings Week,1942270.44,673,2885.99,500.70,4997.19
Urban Ladder,Ultimate Value Event,1770104.96,621,2850.41,501.69,4989.35
Urban Ladder,VIP Access Sale,1802687.56,645,2794.86,512.62,4995.75
Urban Ladder,Weekend Warrior Specials,1888026.89,670,2817.95,501.38,4997.30
Urban Ladder,Winter Clearance Carnival,1838839.76,663,2773.51,509.43,4998.82
Urban Ladder,Winter Wonders Sale,1874275.73,677,2768.50,500.29,4997.81
Whirlpool,12 Days of Deals,1850739.15,685,2701.81,512.21,4999.73
Whirlpool,Autumn Deals Drive,1841622.39,681,2704.29,506.90,4995.61
Whirlpool,BOGO Blitz,1872300.98,679,2757.44,509.26,4999.75
Whirlpool,Back to School Boost,1811845.09,665,2724.58,516.16,4990.79
Whirlpool,Birthday Bash Sale,1869240.88,679,2752.93,502.35,4999.93
Whirlpool,Black Friday Blowout,1877417.47,683,2748.78,505.48,4989.56
Whirlpool,Cart Crasher Campaign,1786476.08,645,2769.73,504.51,4998.46
Whirlpool,Cashback Carnival,1812803.16,667,2717.85,510.98,4999.12
Whirlpool,Clearance Countdown,1772469.39,648,2735.29,504.40,4994.45
Whirlpool,Countdown to Savings,1954216.62,709,2756.30,518.12,4987.28
Whirlpool,Customer Appreciation Week,1743027.82,650,2681.58,508.53,4997.60
Whirlpool,Cyber Monday Mania,1997394.79,734,2721.25,519.48,4966.57
Whirlpool,Deal of the Month,1658674.13,622,2666.68,502.82,4996.86
Whirlpool,Double Points Bonanza,1861296.54,676,2753.40,510.32,4996.53
Whirlpool,Early Bird Specials,1835380.55,658,2789.33,503.83,4997.74
Whirlpool,End of Season Sale,1785826.13,638,2799.10,500.69,4999.78
Whirlpool,Exclusive Insider Offers,1836745.34,658,2791.41,507.26,4999.29
Whirlpool,Festive Fever Promo,1842232.65,674,2733.28,512.10,4997.98
Whirlpool,Final Call Frenzy,1853738.60,679,2730.10,506.46,4974.86
Whirlpool,Flash Frenzy Friday,1879151.05,679,2767.53,510.70,4997.83
Whirlpool,"Gift More, Spend Less",1890831.54,702,2693.49,501.53,4999.74
Whirlpool,Golden Hour Bargains,1890097.85,680,2779.56,505.82,4992.88
Whirlpool,Green Weekend Deals,1927398.94,686,2809.62,500.21,4998.83
Whirlpool,Happy Hour Discounts,1823572.25,661,2758.81,510.66,4991.86
Whirlpool,Holiday Shopping Rush,1803373.32,679,2655.93,501.35,4996.07
Whirlpool,Hot Picks Promo,1890802.50,677,2792.91,502.22,4988.39
Whirlpool,Instant Gratification Sale,1779975.39,642,2772.55,501.38,4999.38
Whirlpool,Limited Time Treasures,1875621.46,684,2742.14,501.55,4997.90
Whirlpool,Loyalty Rewards Blast,1787214.36,649,2753.80,509.23,4998.50
Whirlpool,Mega Weekend Bonanza,1869380.36,666,2806.88,505.95,4988.39
Whirlpool,Mid-Year Madness,1817448.39,676,2688.53,506.56,4997.77
Whirlpool,Midnight Madness,1860291.28,684,2719.72,514.34,4996.41
Whirlpool,Mystery Discount Days,1813904.68,670,2707.32,502.03,4996.71
Whirlpool,New Arrival Showcase,1997047.52,718,2781.40,500.44,4995.63
Whirlpool,New Product Launch Promo,1691714.60,610,2773.30,504.31,4991.97
Whirlpool,New Year Kickoff,1827914.65,660,2769.57,516.98,4995.20
Whirlpool,Price Drop Parade,1924375.97,697,2760.94,510.58,4988.21
Whirlpool,Red Tag Clearance,1702377.43,618,2754.66,520.89,4992.06
Whirlpool,Seasonal Surprise Box,1865546.72,676,2759.68,501.18,4990.56
Whirlpool,Shop & Save Spectacular,1747739.50,633,2761.04,516.34,4974.57
Whirlpool,Smart Shopper Week,1881837.59,709,2654.21,512.44,4995.40
Whirlpool,Spring Refresh Event,1778207.68,641,2774.11,505.17,4995.53
Whirlpool,Spring Splash Discounts,1862639.00,665,2800.96,510.84,4992.50
Whirlpool,Summer Sizzle Promo,1756144.96,634,2769.94,501.49,4996.11
Whirlpool,Super Savings Week,1852646.45,663,2794.34,506.58,4998.47
Whirlpool,Ultimate Value Event,1717171.89,628,2734.35,509.71,4995.58
Whirlpool,VIP Access Sale,1834719.33,674,2722.14,500.61,4999.48
Whirlpool,Weekend Warrior Specials,1940739.80,707,2745.04,502.66,4998.33
Whirlpool,Winter Clearance Carnival,1893053.19,678,2792.11,503.94,4998.56
Whirlpool,Winter Wonders Sale,1923250.83,707,2720.30,504.46,4998.39
Zara,12 Days of Deals,1699255.33,637,2667.59,513.52,4958.04
Zara,Autumn Deals Drive,1863759.99,689,2705.02,501.28,4992.31
Zara,BOGO Blitz,1894983.21,686,2762.37,513.67,4999.45
Zara,Back to School Boost,1726613.21,622,2775.91,506.82,4986.50
Zara,Birthday Bash Sale,1721847.56,624,2759.37,506.06,4992.91
Zara,Black Friday Blowout,1841164.36,653,2819.55,502.21,4989.75
Zara,Cart Crasher Campaign,1777178.46,638,2785.55,512.62,4997.29
Zara,Cashback Carnival,1702504.69,623,2732.75,505.92,4968.31
Zara,Clearance Countdown,1887603.87,691,2731.70,500.46,4999.80
Zara,Countdown to Savings,1807150.21,649,2784.51,503.90,4990.06
Zara,Customer Appreciation Week,1902251.73,684,2781.07,505.57,4978.37
Zara,Cyber Monday Mania,1709986.14,632,2705.67,521.44,4995.44
Zara,Deal of the Month,1832402.71,667,2747.23,505.18,4994.87
Zara,Double Points Bonanza,1870991.26,675,2771.84,504.72,4999.44
Zara,Early Bird Specials,1898601.53,683,2779.80,506.63,4991.60
Zara,End of Season Sale,1680453.29,627,2680.15,504.46,4993.28
Zara,Exclusive Insider Offers,1879417.78,679,2767.92,500.32,4991.57
Zara,Festive Fever Promo,1787723.22,666,2684.27,513.89,4991.64
Zara,Final Call Frenzy,1683505.68,616,2732.96,501.00,4993.90
Zara,Flash Frenzy Friday,1856792.38,672,2763.08,506.08,4993.36
Zara,"Gift More, Spend Less",1901576.71,657,2894.33,503.15,4989.04
Zara,Golden Hour Bargains,1811216.95,653,2773.69,501.59,4994.31
Zara,Green Weekend Deals,1894396.92,692,2737.57,502.55,4992.17
Zara,Happy Hour Discounts,1935354.95,695,2784.68,517.05,4990.80
Zara,Holiday Shopping Rush,1645681.03,607,2711.17,503.29,4996.42
Zara,Hot Picks Promo,1782031.71,644,2767.13,502.01,4989.52
Zara,Instant Gratification Sale,1726377.75,637,2710.17,503.90,4997.44
Zara,Limited Time Treasures,1815075.11,647,2805.37,506.89,4999.81
Zara,Loyalty Rewards Blast,1929410.97,696,2772.14,525.22,4997.44
Zara,Mega Weekend Bonanza,1767252.31,647,2731.46,512.13,4995.03
Zara,Mid-Year Madness,1896387.12,692,2740.44,502.44,4997.54
Zara,Midnight Madness,1842336.84,674,2733.44,500.50,4988.44
Zara,Mystery Discount Days,1750471.21,645,2713.91,500.93,4998.98
Zara,New Arrival Showcase,1898706.32,688,2759.75,506.65,4996.20
Zara,New Product Launch Promo,1721145.70,659,2611.75,501.71,4992.60
Zara,New Year Kickoff,1676395.62,615,2725.85,522.02,4992.69
Zara,Price Drop Parade,1871057.41,681,2747.51,503.25,4995.75
Zara,Red Tag Clearance,1928239.68,676,2852.43,516.38,4999.45
Zara,Seasonal Surprise Box,1892635.60,691,2738.98,502.82,4988.87
Zara,Shop & Save Spectacular,1826761.36,652,2801.78,501.24,4999.91
Zara,Smart Shopper Week,1828121.71,648,2821.18,505.75,4999.73
Zara,Spring Refresh Event,1764123.89,636,2773.78,506.20,4995.99
Zara,Spring Splash Discounts,1729807.85,631,2741.38,505.77,4989.56
Zara,Summer Sizzle Promo,1841007.06,665,2768.43,510.41,4998.58
Zara,Super Savings Week,1627635.05,611,2663.89,505.22,4998.42
Zara,Ultimate Value Event,1824738.12,664,2748.10,504.23,4999.82
Zara,VIP Access Sale,1885633.76,667,2827.04,522.66,4999.71
Zara,Weekend Warrior Specials,1877139.87,690,2720.49,502.76,4991.98
Zara,Winter Clearance Carnival,1834317.66,648,2830.74,502.03,4994.24
Zara,Winter Wonders Sale,1832920.92,672,2727.56,502.39,4971.63
